0101,00:07:30,00:13:30,00:14:00,00:43:30,00:44:00,01:05:30
0102,01:44:30,02:05:45,02:06:15,02:34:30,02:35:00,02:40:30
0103,00:19:30,00:25:30,00:26:00,00:55:30,00:56:00,01:17:30
0104,01:32:30,01:53:45,01:54:15,02:22:30,02:23:00,02:28:30
0105,00:31:30,00:37:30,00:38:00,01:07:30,01:08:00,01:29:30
0106,01:56:30,02:17:45,02:18:15,02:46:30,02:47:00,02:52:30
0107,00:43:30,00:49:30,00:50:00,01:19:30,01:20:00,01:41:30
0108,02:08:30,02:29:45,02:30:15,02:58:30,02:59:00,03:04:30
0109,00:55:30,01:01:30,01:02:00,01:31:30,01:32:00,01:53:30
0110,02:20:30,02:41:45,02:42:15,03:10:30,03:11:00,03:16:30
0111,01:07:30,01:13:30,01:14:00,01:43:30,01:44:00,02:05:30
0112,02:44:30,03:05:45,03:06:15,03:34:30,03:35:00,03:40:30
0113,01:19:30,01:25:30,01:26:00,01:55:30,01:56:00,02:17:30
0114,02:32:30,02:53:45,02:54:15,03:22:30,03:23:00,03:28:30
0115,01:31:30,01:37:30,01:38:00,02:07:30,02:08:00,02:29:30
0116,02:56:30,03:17:45,03:18:15,03:46:30,03:47:00,03:52:30
0117,01:43:30,01:49:30,01:50:00,02:19:30,02:20:00,02:41:30
0118,03:08:30,03:29:45,03:30:15,03:58:30,03:59:00,04:04:30
0119,01:55:30,02:01:30,02:02:00,02:31:30,02:32:00,02:53:30
0120,03:20:30,03:41:45,03:42:15,04:10:30,04:11:00,04:16:30
0121,02:07:30,02:13:30,02:14:00,02:43:30,02:44:00,03:05:30
0122,03:44:30,04:05:45,04:06:15,04:34:30,04:35:00,04:40:30
0123,02:19:30,02:25:30,02:26:00,02:55:30,02:56:00,03:17:30
0124,03:32:30,03:53:45,03:54:15,04:22:30,04:23:00,04:28:30
0125,02:31:30,02:37:30,02:38:00,03:07:30,03:08:00,03:29:30
0126,03:56:30,04:17:45,04:18:15,04:46:30,04:47:00,04:52:30
0127,02:43:30,02:49:30,02:50:00,03:19:30,03:20:00,03:41:30
0128,04:08:30,04:29:45,04:30:15,04:58:30,04:59:00,05:04:30
0129,02:55:30,03:01:30,03:02:00,03:31:30,03:32:00,03:53:30
0130,04:20:30,04:41:45,04:42:15,05:10:30,05:11:00,05:16:30
0131,03:07:30,03:13:30,03:14:00,03:43:30,03:44:00,04:05:30
0132,04:44:30,05:05:45,05:06:15,05:34:30,05:35:00,05:40:30
0133,03:19:30,03:25:30,03:26:00,03:55:30,03:56:00,04:17:30
0134,04:32:30,04:53:45,04:54:15,05:22:30,05:23:00,05:28:30
0135,03:31:30,03:37:30,03:38:00,04:07:30,04:08:00,04:29:30
0136,04:56:30,05:17:45,05:18:15,05:46:30,05:47:00,05:52:30
0137,03:43:30,03:49:30,03:50:00,04:19:30,04:20:00,04:41:30
0138,05:08:30,05:29:45,05:30:15,05:58:30,05:59:00,06:04:30
0139,03:55:30,04:01:30,04:02:00,04:31:30,04:32:00,04:53:30
0140,05:20:30,05:41:45,05:42:15,06:10:30,06:11:00,06:16:30
0141,04:07:30,04:13:30,04:14:00,04:43:30,04:44:00,05:05:30
0142,05:44:30,06:05:45,06:06:15,06:34:30,06:35:00,06:40:30
0143,04:19:30,04:25:30,04:26:00,04:55:30,04:56:00,05:17:30
0144,05:32:30,05:53:45,05:54:15,06:22:30,06:23:00,06:28:30
0145,04:31:30,04:37:30,04:38:00,05:07:30,05:08:00,05:29:30
0146,05:56:30,06:17:45,06:18:15,06:46:30,06:47:00,06:52:30
0147,04:43:30,04:49:30,04:50:00,05:19:30,05:20:00,05:41:30
0148,06:08:30,06:29:45,06:30:15,06:58:30,06:59:00,07:04:30
0149,04:55:30,05:01:30,05:02:00,05:31:30,05:32:00,05:53:30
0150,06:20:30,06:41:45,06:42:15,07:10:30,07:11:00,07:16:30
0151,05:07:30,05:13:30,05:14:00,05:43:30,05:44:00,06:05:30
0152,06:44:30,07:05:45,07:06:15,07:34:30,07:35:00,07:40:30
0153,05:19:30,05:25:30,05:26:00,05:55:30,05:56:00,06:17:30
0154,06:32:30,06:53:45,06:54:15,07:22:30,07:23:00,07:28:30
0155,05:31:30,05:37:30,05:38:00,06:07:30,06:08:00,06:29:30
0156,06:56:30,07:17:45,07:18:15,07:46:30,07:47:00,07:52:30
0157,05:43:30,05:49:30,05:50:00,06:19:30,06:20:00,06:41:30
0158,07:08:30,07:29:45,07:30:15,07:58:30,07:59:00,08:04:30
0159,05:55:30,06:01:30,06:02:00,06:31:30,06:32:00,06:53:30
0160,07:20:30,07:41:45,07:42:15,08:10:30,08:11:00,08:16:30
0161,06:07:30,06:13:30,06:14:00,06:43:30,06:44:00,07:05:30
0162,07:44:30,08:05:45,08:06:15,08:34:30,08:35:00,08:40:30
0163,06:19:30,06:25:30,06:26:00,06:55:30,06:56:00,07:17:30
0164,07:32:30,07:53:45,07:54:15,08:22:30,08:23:00,08:28:30
0165,06:31:30,06:37:30,06:38:00,07:07:30,07:08:00,07:29:30
0166,07:56:30,08:17:45,08:18:15,08:46:30,08:47:00,08:52:30
0167,06:43:30,06:49:30,06:50:00,07:19:30,07:20:00,07:41:30
0168,08:08:30,08:29:45,08:30:15,08:58:30,08:59:00,09:04:30
0169,06:55:30,07:01:30,07:02:00,07:31:30,07:32:00,07:53:30
0170,08:20:30,08:41:45,08:42:15,09:10:30,09:11:00,09:16:30
0171,07:07:30,07:13:30,07:14:00,07:43:30,07:44:00,08:05:30
0172,08:44:30,09:05:45,09:06:15,09:34:30,09:35:00,09:40:30
0173,07:19:30,07:25:30,07:26:00,07:55:30,07:56:00,08:17:30
0174,08:32:30,08:53:45,08:54:15,09:22:30,09:23:00,09:28:30
0175,07:31:30,07:37:30,07:38:00,08:07:30,08:08:00,08:29:30
0176,08:56:30,09:17:45,09:18:15,09:46:30,09:47:00,09:52:30
0177,07:43:30,07:49:30,07:50:00,08:19:30,08:20:00,08:41:30
0178,09:08:30,09:29:45,09:30:15,09:58:30,09:59:00,10:04:30
0179,07:55:30,08:01:30,08:02:00,08:31:30,08:32:00,08:53:30
0180,09:20:30,09:41:45,09:42:15,10:10:30,10:11:00,10:16:30
0181,08:07:30,08:13:30,08:14:00,08:43:30,08:44:00,09:05:30
0182,09:44:30,10:05:45,10:06:15,10:34:30,10:35:00,10:40:30
0183,08:19:30,08:25:30,08:26:00,08:55:30,08:56:00,09:17:30
0184,09:32:30,09:53:45,09:54:15,10:22:30,10:23:00,10:28:30
0185,08:31:30,08:37:30,08:38:00,09:07:30,09:08:00,09:29:30
0186,09:56:30,10:17:45,10:18:15,10:46:30,10:47:00,10:52:30
0187,08:43:30,08:49:30,08:50:00,09:19:30,09:20:00,09:41:30
0188,10:08:30,10:29:45,10:30:15,10:58:30,10:59:00,11:04:30
0189,08:55:30,09:01:30,09:02:00,09:31:30,09:32:00,09:53:30
0190,10:20:30,10:41:45,10:42:15,11:10:30,11:11:00,11:16:30
0191,09:07:30,09:13:30,09:14:00,09:43:30,09:44:00,10:05:30
0192,10:44:30,11:05:45,11:06:15,11:34:30,11:35:00,11:40:30
0193,09:19:30,09:25:30,09:26:00,09:55:30,09:56:00,10:17:30
0194,10:32:30,10:53:45,10:54:15,11:22:30,11:23:00,11:28:30
0195,09:31:30,09:37:30,09:38:00,10:07:30,10:08:00,10:29:30
0196,10:56:30,11:17:45,11:18:15,11:46:30,11:47:00,11:52:30
0197,09:43:30,09:49:30,09:50:00,10:19:30,10:20:00,10:41:30
0198,11:08:30,11:29:45,11:30:15,11:58:30,11:59:00,12:04:30
0199,09:55:30,10:01:30,10:02:00,10:31:30,10:32:00,10:53:30
0200,11:20:30,11:41:45,11:42:15,12:10:30,12:11:00,12:16:30
0201,10:07:30,10:13:30,10:14:00,10:43:30,10:44:00,11:05:30
0202,11:44:30,12:05:45,12:06:15,12:34:30,12:35:00,12:40:30
0203,10:19:30,10:25:30,10:26:00,10:55:30,10:56:00,11:17:30
0204,11:32:30,11:53:45,11:54:15,12:22:30,12:23:00,12:28:30
0205,10:31:30,10:37:30,10:38:00,11:07:30,11:08:00,11:29:30
0206,11:56:30,12:17:45,12:18:15,12:46:30,12:47:00,12:52:30
0207,10:43:30,10:49:30,10:50:00,11:19:30,11:20:00,11:41:30
0208,12:08:30,12:29:45,12:30:15,12:58:30,12:59:00,13:04:30
0209,10:55:30,11:01:30,11:02:00,11:31:30,11:32:00,11:53:30
0210,12:20:30,12:41:45,12:42:15,13:10:30,13:11:00,13:16:30
0211,11:07:30,11:13:30,11:14:00,11:43:30,11:44:00,12:05:30
0212,12:44:30,13:05:45,13:06:15,13:34:30,13:35:00,13:40:30
0213,11:19:30,11:25:30,11:26:00,11:55:30,11:56:00,12:17:30
0214,12:32:30,12:53:45,12:54:15,13:22:30,13:23:00,13:28:30
0215,11:31:30,11:37:30,11:38:00,12:07:30,12:08:00,12:29:30
0216,12:56:30,13:17:45,13:18:15,13:46:30,13:47:00,13:52:30
0217,11:43:30,11:49:30,11:50:00,12:19:30,12:20:00,12:41:30
0218,13:08:30,13:29:45,13:30:15,13:58:30,13:59:00,14:04:30
0219,11:55:30,12:01:30,12:02:00,12:31:30,12:32:00,12:53:30
0220,13:20:30,13:41:45,13:42:15,14:10:30,14:11:00,14:16:30
0221,12:07:30,12:13:30,12:14:00,12:43:30,12:44:00,13:05:30
0222,13:44:30,14:05:45,14:06:15,14:34:30,14:35:00,14:40:30
0223,12:19:30,12:25:30,12:26:00,12:55:30,12:56:00,13:17:30
0224,13:32:30,13:53:45,13:54:15,14:22:30,14:23:00,14:28:30
0225,12:31:30,12:37:30,12:38:00,13:07:30,13:08:00,13:29:30
0226,13:56:30,14:17:45,14:18:15,14:46:30,14:47:00,14:52:30
0227,12:43:30,12:49:30,12:50:00,13:19:30,13:20:00,13:41:30
0228,14:08:30,14:29:45,14:30:15,14:58:30,14:59:00,15:04:30
0229,12:55:30,13:01:30,13:02:00,13:31:30,13:32:00,13:53:30
0230,14:20:30,14:41:45,14:42:15,15:10:30,15:11:00,15:16:30
0231,13:07:30,13:13:30,13:14:00,13:43:30,13:44:00,14:05:30
0232,14:44:30,15:05:45,15:06:15,15:34:30,15:35:00,15:40:30
0233,13:19:30,13:25:30,13:26:00,13:55:30,13:56:00,14:17:30
0234,14:32:30,14:53:45,14:54:15,15:22:30,15:23:00,15:28:30
0235,13:31:30,13:37:30,13:38:00,14:07:30,14:08:00,14:29:30
0236,14:56:30,15:17:45,15:18:15,15:46:30,15:47:00,15:52:30
0237,13:43:30,13:49:30,13:50:00,14:19:30,14:20:00,14:41:30
0238,15:08:30,15:29:45,15:30:15,15:58:30,15:59:00,16:04:30
0239,13:55:30,14:01:30,14:02:00,14:31:30,14:32:00,14:53:30
0240,15:20:30,15:41:45,15:42:15,16:10:30,16:11:00,16:16:30
0241,14:07:30,14:13:30,14:14:00,14:43:30,14:44:00,15:05:30
0242,15:44:30,16:05:45,16:06:15,16:34:30,16:35:00,16:40:30
0243,14:19:30,14:25:30,14:26:00,14:55:30,14:56:00,15:17:30
0244,15:32:30,15:53:45,15:54:15,16:22:30,16:23:00,16:28:30
0245,14:31:30,14:37:30,14:38:00,15:07:30,15:08:00,15:29:30
0246,15:56:30,16:17:45,16:18:15,16:46:30,16:47:00,16:52:30
0247,14:43:30,14:49:30,14:50:00,15:19:30,15:20:00,15:41:30
0248,16:08:30,16:29:45,16:30:15,16:58:30,16:59:00,17:04:30
0249,14:55:30,15:01:30,15:02:00,15:31:30,15:32:00,15:53:30
0250,16:20:30,16:41:45,16:42:15,17:10:30,17:11:00,17:16:30
0251,15:07:30,15:13:30,15:14:00,15:43:30,15:44:00,16:05:30
0252,16:44:30,17:05:45,17:06:15,17:34:30,17:35:00,17:40:30
0253,15:19:30,15:25:30,15:26:00,15:55:30,15:56:00,16:17:30
0254,16:32:30,16:53:45,16:54:15,17:22:30,17:23:00,17:28:30
0255,15:31:30,15:37:30,15:38:00,16:07:30,16:08:00,16:29:30
0256,16:56:30,17:17:45,17:18:15,17:46:30,17:47:00,17:52:30
0257,15:43:30,15:49:30,15:50:00,16:19:30,16:20:00,16:41:30
0258,17:08:30,17:29:45,17:30:15,17:58:30,17:59:00,18:04:30
0259,15:55:30,16:01:30,16:02:00,16:31:30,16:32:00,16:53:30
0260,17:20:30,17:41:45,17:42:15,18:10:30,18:11:00,18:16:30
0261,16:07:30,16:13:30,16:14:00,16:43:30,16:44:00,17:05:30
0262,17:44:30,18:05:45,18:06:15,18:34:30,18:35:00,18:40:30
0263,16:19:30,16:25:30,16:26:00,16:55:30,16:56:00,17:17:30
0264,17:32:30,17:53:45,17:54:15,18:22:30,18:23:00,18:28:30
0265,16:31:30,16:37:30,16:38:00,17:07:30,17:08:00,17:29:30
0266,17:56:30,18:17:45,18:18:15,18:46:30,18:47:00,18:52:30
0267,16:43:30,16:49:30,16:50:00,17:19:30,17:20:00,17:41:30
0268,18:08:30,18:29:45,18:30:15,18:58:30,18:59:00,19:04:30
0269,16:55:30,17:01:30,17:02:00,17:31:30,17:32:00,17:53:30
0270,18:20:30,18:41:45,18:42:15,19:10:30,19:11:00,19:16:30
0271,17:07:30,17:13:30,17:14:00,17:43:30,17:44:00,18:05:30
0272,18:44:30,19:05:45,19:06:15,19:34:30,19:35:00,19:40:30
0273,17:19:30,17:25:30,17:26:00,17:55:30,17:56:00,18:17:30
0274,18:32:30,18:53:45,18:54:15,19:22:30,19:23:00,19:28:30
0275,17:31:30,17:37:30,17:38:00,18:07:30,18:08:00,18:29:30
0276,18:56:30,19:17:45,19:18:15,19:46:30,19:47:00,19:52:30
0277,17:43:30,17:49:30,17:50:00,18:19:30,18:20:00,18:41:30
0278,19:08:30,19:29:45,19:30:15,19:58:30,19:59:00,20:04:30
0279,17:55:30,18:01:30,18:02:00,18:31:30,18:32:00,18:53:30
0280,19:20:30,19:41:45,19:42:15,20:10:30,20:11:00,20:16:30
0281,18:07:30,18:13:30,18:14:00,18:43:30,18:44:00,19:05:30
0282,19:44:30,20:05:45,20:06:15,20:34:30,20:35:00,20:40:30
0283,18:19:30,18:25:30,18:26:00,18:55:30,18:56:00,19:17:30
0284,19:32:30,19:53:45,19:54:15,20:22:30,20:23:00,20:28:30
0285,18:31:30,18:37:30,18:38:00,19:07:30,19:08:00,19:29:30
0286,19:56:30,20:17:45,20:18:15,20:46:30,20:47:00,20:52:30
0287,18:43:30,18:49:30,18:50:00,19:19:30,19:20:00,19:41:30
0288,20:08:30,20:29:45,20:30:15,20:58:30,20:59:00,21:04:30
0289,18:55:30,19:01:30,19:02:00,19:31:30,19:32:00,19:53:30
0290,20:20:30,20:41:45,20:42:15,21:10:30,21:11:00,21:16:30
0291,19:07:30,19:13:30,19:14:00,19:43:30,19:44:00,20:05:30
0292,20:44:30,21:05:45,21:06:15,21:34:30,21:35:00,21:40:30
0293,19:19:30,19:25:30,19:26:00,19:55:30,19:56:00,20:17:30
0294,20:32:30,20:53:45,20:54:15,21:22:30,21:23:00,21:28:30
0295,19:31:30,19:37:30,19:38:00,20:07:30,20:08:00,20:29:30
0296,20:56:30,21:17:45,21:18:15,21:46:30,21:47:00,21:52:30
0297,19:43:30,19:49:30,19:50:00,20:19:30,20:20:00,20:41:30
0298,21:08:30,21:29:45,21:30:15,21:58:30,21:59:00,22:04:30
0299,19:55:30,20:01:30,20:02:00,20:31:30,20:32:00,20:53:30
0300,21:20:30,21:41:45,21:42:15,22:10:30,22:11:00,22:16:30
0301,20:07:30,20:13:30,20:14:00,20:43:30,20:44:00,21:05:30
0302,21:44:30,22:05:45,22:06:15,22:34:30,22:35:00,22:40:30
0303,20:19:30,20:25:30,20:26:00,20:55:30,20:56:00,21:17:30
0304,21:32:30,21:53:45,21:54:15,22:22:30,22:23:00,22:28:30
0305,20:31:30,20:37:30,20:38:00,21:07:30,21:08:00,21:29:30
0306,21:56:30,22:17:45,22:18:15,22:46:30,22:47:00,22:52:30
0307,20:43:30,20:49:30,20:50:00,21:19:30,21:20:00,21:41:30
0308,22:08:30,22:29:45,22:30:15,22:58:30,22:59:00,23:04:30
0309,20:55:30,21:01:30,21:02:00,21:31:30,21:32:00,21:53:30
0310,22:20:30,22:41:45,22:42:15,23:10:30,23:11:00,23:16:30
0501,00:01:00,00:07:00,00:08:00,00:12:00,00:13:00,00:18:00,00:19:00,00:41:00
0502,00:50:00,01:11:00,01:12:00,01:17:00,01:18:00,01:22:00,01:23:00,01:29:00
0503,00:21:00,00:27:00,00:28:00,00:32:00,00:33:00,00:38:00,00:39:00,01:01:00
0504,01:10:00,01:31:00,01:32:00,01:37:00,01:38:00,01:42:00,01:43:00,01:49:00
0505,00:41:00,00:47:00,00:48:00,00:52:00,00:53:00,00:58:00,00:59:00,01:21:00
0506,01:30:00,01:51:00,01:52:00,01:57:00,01:58:00,02:02:00,02:03:00,02:09:00
0507,01:01:00,01:07:00,01:08:00,01:12:00,01:13:00,01:18:00,01:19:00,01:41:00
0508,01:50:00,02:11:00,02:12:00,02:17:00,02:18:00,02:22:00,02:23:00,02:29:00
0509,01:21:00,01:27:00,01:28:00,01:32:00,01:33:00,01:38:00,01:39:00,02:01:00
0510,02:10:00,02:31:00,02:32:00,02:37:00,02:38:00,02:42:00,02:43:00,02:49:00
0511,01:41:00,01:47:00,01:48:00,01:52:00,01:53:00,01:58:00,01:59:00,02:21:00
0512,02:30:00,02:51:00,02:52:00,02:57:00,02:58:00,03:02:00,03:03:00,03:09:00
0513,02:01:00,02:07:00,02:08:00,02:12:00,02:13:00,02:18:00,02:19:00,02:41:00
0514,02:50:00,03:11:00,03:12:00,03:17:00,03:18:00,03:22:00,03:23:00,03:29:00
0515,02:21:00,02:27:00,02:28:00,02:32:00,02:33:00,02:38:00,02:39:00,03:01:00
0516,03:10:00,03:31:00,03:32:00,03:37:00,03:38:00,03:42:00,03:43:00,03:49:00
0517,02:41:00,02:47:00,02:48:00,02:52:00,02:53:00,02:58:00,02:59:00,03:21:00
0518,03:30:00,03:51:00,03:52:00,03:57:00,03:58:00,04:02:00,04:03:00,04:09:00
0519,03:01:00,03:07:00,03:08:00,03:12:00,03:13:00,03:18:00,03:19:00,03:41:00
0520,03:50:00,04:11:00,04:12:00,04:17:00,04:18:00,04:22:00,04:23:00,04:29:00
0521,03:21:00,03:27:00,03:28:00,03:32:00,03:33:00,03:38:00,03:39:00,04:01:00
0522,04:10:00,04:31:00,04:32:00,04:37:00,04:38:00,04:42:00,04:43:00,04:49:00
0523,03:41:00,03:47:00,03:48:00,03:52:00,03:53:00,03:58:00,03:59:00,04:21:00
0524,04:30:00,04:51:00,04:52:00,04:57:00,04:58:00,05:02:00,05:03:00,05:09:00
0525,04:01:00,04:07:00,04:08:00,04:12:00,04:13:00,04:18:00,04:19:00,04:41:00
0526,04:50:00,05:11:00,05:12:00,05:17:00,05:18:00,05:22:00,05:23:00,05:29:00
0527,04:21:00,04:27:00,04:28:00,04:32:00,04:33:00,04:38:00,04:39:00,05:01:00
0528,05:10:00,05:31:00,05:32:00,05:37:00,05:38:00,05:42:00,05:43:00,05:49:00
0529,04:41:00,04:47:00,04:48:00,04:52:00,04:53:00,04:58:00,04:59:00,05:21:00
0530,05:30:00,05:51:00,05:52:00,05:57:00,05:58:00,06:02:00,06:03:00,06:09:00
0531,05:01:00,05:07:00,05:08:00,05:12:00,05:13:00,05:18:00,05:19:00,05:41:00
0532,05:50:00,06:11:00,06:12:00,06:17:00,06:18:00,06:22:00,06:23:00,06:29:00
0533,05:21:00,05:27:00,05:28:00,05:32:00,05:33:00,05:38:00,05:39:00,06:01:00
0534,06:10:00,06:31:00,06:32:00,06:37:00,06:38:00,06:42:00,06:43:00,06:49:00
0535,05:41:00,05:47:00,05:48:00,05:52:00,05:53:00,05:58:00,05:59:00,06:21:00
0536,06:30:00,06:51:00,06:52:00,06:57:00,06:58:00,07:02:00,07:03:00,07:09:00
0537,06:01:00,06:07:00,06:08:00,06:12:00,06:13:00,06:18:00,06:19:00,06:41:00
0538,06:50:00,07:11:00,07:12:00,07:17:00,07:18:00,07:22:00,07:23:00,07:29:00
0539,06:21:00,06:27:00,06:28:00,06:32:00,06:33:00,06:38:00,06:39:00,07:01:00
0540,07:10:00,07:31:00,07:32:00,07:37:00,07:38:00,07:42:00,07:43:00,07:49:00
0541,06:41:00,06:47:00,06:48:00,06:52:00,06:53:00,06:58:00,06:59:00,07:21:00
0542,07:30:00,07:51:00,07:52:00,07:57:00,07:58:00,08:02:00,08:03:00,08:09:00
0543,07:01:00,07:07:00,07:08:00,07:12:00,07:13:00,07:18:00,07:19:00,07:41:00
0544,07:50:00,08:11:00,08:12:00,08:17:00,08:18:00,08:22:00,08:23:00,08:29:00
0545,07:21:00,07:27:00,07:28:00,07:32:00,07:33:00,07:38:00,07:39:00,08:01:00
0546,08:10:00,08:31:00,08:32:00,08:37:00,08:38:00,08:42:00,08:43:00,08:49:00
0547,07:41:00,07:47:00,07:48:00,07:52:00,07:53:00,07:58:00,07:59:00,08:21:00
0548,08:30:00,08:51:00,08:52:00,08:57:00,08:58:00,09:02:00,09:03:00,09:09:00
0549,08:01:00,08:07:00,08:08:00,08:12:00,08:13:00,08:18:00,08:19:00,08:41:00
0550,08:50:00,09:11:00,09:12:00,09:17:00,09:18:00,09:22:00,09:23:00,09:29:00
0551,08:21:00,08:27:00,08:28:00,08:32:00,08:33:00,08:38:00,08:39:00,09:01:00
0552,09:10:00,09:31:00,09:32:00,09:37:00,09:38:00,09:42:00,09:43:00,09:49:00
0553,08:41:00,08:47:00,08:48:00,08:52:00,08:53:00,08:58:00,08:59:00,09:21:00
0554,09:30:00,09:51:00,09:52:00,09:57:00,09:58:00,10:02:00,10:03:00,10:09:00
0555,09:01:00,09:07:00,09:08:00,09:12:00,09:13:00,09:18:00,09:19:00,09:41:00
0556,09:50:00,10:11:00,10:12:00,10:17:00,10:18:00,10:22:00,10:23:00,10:29:00
0557,09:21:00,09:27:00,09:28:00,09:32:00,09:33:00,09:38:00,09:39:00,10:01:00
0558,10:10:00,10:31:00,10:32:00,10:37:00,10:38:00,10:42:00,10:43:00,10:49:00
0559,09:41:00,09:47:00,09:48:00,09:52:00,09:53:00,09:58:00,09:59:00,10:21:00
0560,10:30:00,10:51:00,10:52:00,10:57:00,10:58:00,11:02:00,11:03:00,11:09:00
0561,10:01:00,10:07:00,10:08:00,10:12:00,10:13:00,10:18:00,10:19:00,10:41:00
0562,10:50:00,11:11:00,11:12:00,11:17:00,11:18:00,11:22:00,11:23:00,11:29:00
0563,10:21:00,10:27:00,10:28:00,10:32:00,10:33:00,10:38:00,10:39:00,11:01:00
0564,11:10:00,11:31:00,11:32:00,11:37:00,11:38:00,11:42:00,11:43:00,11:49:00
0565,10:41:00,10:47:00,10:48:00,10:52:00,10:53:00,10:58:00,10:59:00,11:21:00
0566,11:30:00,11:51:00,11:52:00,11:57:00,11:58:00,12:02:00,12:03:00,12:09:00
0567,11:01:00,11:07:00,11:08:00,11:12:00,11:13:00,11:18:00,11:19:00,11:41:00
0568,11:50:00,12:11:00,12:12:00,12:17:00,12:18:00,12:22:00,12:23:00,12:29:00
0569,11:21:00,11:27:00,11:28:00,11:32:00,11:33:00,11:38:00,11:39:00,12:01:00
0570,12:10:00,12:31:00,12:32:00,12:37:00,12:38:00,12:42:00,12:43:00,12:49:00
0571,11:41:00,11:47:00,11:48:00,11:52:00,11:53:00,11:58:00,11:59:00,12:21:00
0572,12:30:00,12:51:00,12:52:00,12:57:00,12:58:00,13:02:00,13:03:00,13:09:00
0573,12:01:00,12:07:00,12:08:00,12:12:00,12:13:00,12:18:00,12:19:00,12:41:00
0574,12:50:00,13:11:00,13:12:00,13:17:00,13:18:00,13:22:00,13:23:00,13:29:00
0575,12:21:00,12:27:00,12:28:00,12:32:00,12:33:00,12:38:00,12:39:00,13:01:00
0576,13:10:00,13:31:00,13:32:00,13:37:00,13:38:00,13:42:00,13:43:00,13:49:00
0577,12:41:00,12:47:00,12:48:00,12:52:00,12:53:00,12:58:00,12:59:00,13:21:00
0578,13:30:00,13:51:00,13:52:00,13:57:00,13:58:00,14:02:00,14:03:00,14:09:00
0579,13:01:00,13:07:00,13:08:00,13:12:00,13:13:00,13:18:00,13:19:00,13:41:00
0580,13:50:00,14:11:00,14:12:00,14:17:00,14:18:00,14:22:00,14:23:00,14:29:00
0581,13:21:00,13:27:00,13:28:00,13:32:00,13:33:00,13:38:00,13:39:00,14:01:00
0582,14:10:00,14:31:00,14:32:00,14:37:00,14:38:00,14:42:00,14:43:00,14:49:00
0583,13:41:00,13:47:00,13:48:00,13:52:00,13:53:00,13:58:00,13:59:00,14:21:00
0584,14:30:00,14:51:00,14:52:00,14:57:00,14:58:00,15:02:00,15:03:00,15:09:00
0585,14:01:00,14:07:00,14:08:00,14:12:00,14:13:00,14:18:00,14:19:00,14:41:00
0586,14:50:00,15:11:00,15:12:00,15:17:00,15:18:00,15:22:00,15:23:00,15:29:00
0587,14:21:00,14:27:00,14:28:00,14:32:00,14:33:00,14:38:00,14:39:00,15:01:00
0588,15:10:00,15:31:00,15:32:00,15:37:00,15:38:00,15:42:00,15:43:00,15:49:00
0589,14:41:00,14:47:00,14:48:00,14:52:00,14:53:00,14:58:00,14:59:00,15:21:00
0590,15:30:00,15:51:00,15:52:00,15:57:00,15:58:00,16:02:00,16:03:00,16:09:00
0591,15:01:00,15:07:00,15:08:00,15:12:00,15:13:00,15:18:00,15:19:00,15:41:00
0592,15:50:00,16:11:00,16:12:00,16:17:00,16:18:00,16:22:00,16:23:00,16:29:00
0593,15:21:00,15:27:00,15:28:00,15:32:00,15:33:00,15:38:00,15:39:00,16:01:00
0594,16:10:00,16:31:00,16:32:00,16:37:00,16:38:00,16:42:00,16:43:00,16:49:00
0595,15:41:00,15:47:00,15:48:00,15:52:00,15:53:00,15:58:00,15:59:00,16:21:00
0596,16:30:00,16:51:00,16:52:00,16:57:00,16:58:00,17:02:00,17:03:00,17:09:00
0597,16:01:00,16:07:00,16:08:00,16:12:00,16:13:00,16:18:00,16:19:00,16:41:00
0598,16:50:00,17:11:00,17:12:00,17:17:00,17:18:00,17:22:00,17:23:00,17:29:00
0599,16:21:00,16:27:00,16:28:00,16:32:00,16:33:00,16:38:00,16:39:00,17:01:00
0600,17:10:00,17:31:00,17:32:00,17:37:00,17:38:00,17:42:00,17:43:00,17:49:00
0601,16:41:00,16:47:00,16:48:00,16:52:00,16:53:00,16:58:00,16:59:00,17:21:00
0602,17:30:00,17:51:00,17:52:00,17:57:00,17:58:00,18:02:00,18:03:00,18:09:00
0603,17:01:00,17:07:00,17:08:00,17:12:00,17:13:00,17:18:00,17:19:00,17:41:00
0604,17:50:00,18:11:00,18:12:00,18:17:00,18:18:00,18:22:00,18:23:00,18:29:00
0605,17:21:00,17:27:00,17:28:00,17:32:00,17:33:00,17:38:00,17:39:00,18:01:00
0606,18:10:00,18:31:00,18:32:00,18:37:00,18:38:00,18:42:00,18:43:00,18:49:00
0607,17:41:00,17:47:00,17:48:00,17:52:00,17:53:00,17:58:00,17:59:00,18:21:00
0608,18:30:00,18:51:00,18:52:00,18:57:00,18:58:00,19:02:00,19:03:00,19:09:00
0609,18:01:00,18:07:00,18:08:00,18:12:00,18:13:00,18:18:00,18:19:00,18:41:00
0610,18:50:00,19:11:00,19:12:00,19:17:00,19:18:00,19:22:00,19:23:00,19:29:00
0611,18:21:00,18:27:00,18:28:00,18:32:00,18:33:00,18:38:00,18:39:00,19:01:00
0612,19:10:00,19:31:00,19:32:00,19:37:00,19:38:00,19:42:00,19:43:00,19:49:00
0613,18:41:00,18:47:00,18:48:00,18:52:00,18:53:00,18:58:00,18:59:00,19:21:00
0614,19:30:00,19:51:00,19:52:00,19:57:00,19:58:00,20:02:00,20:03:00,20:09:00
0615,19:01:00,19:07:00,19:08:00,19:12:00,19:13:00,19:18:00,19:19:00,19:41:00
0616,19:50:00,20:11:00,20:12:00,20:17:00,20:18:00,20:22:00,20:23:00,20:29:00
0617,19:21:00,19:27:00,19:28:00,19:32:00,19:33:00,19:38:00,19:39:00,20:01:00
0618,20:10:00,20:31:00,20:32:00,20:37:00,20:38:00,20:42:00,20:43:00,20:49:00
0619,19:41:00,19:47:00,19:48:00,19:52:00,19:53:00,19:58:00,19:59:00,20:21:00
0620,20:30:00,20:51:00,20:52:00,20:57:00,20:58:00,21:02:00,21:03:00,21:09:00
0621,20:01:00,20:07:00,20:08:00,20:12:00,20:13:00,20:18:00,20:19:00,20:41:00
0622,20:50:00,21:11:00,21:12:00,21:17:00,21:18:00,21:22:00,21:23:00,21:29:00
0623,20:21:00,20:27:00,20:28:00,20:32:00,20:33:00,20:38:00,20:39:00,21:01:00
0624,21:10:00,21:31:00,21:32:00,21:37:00,21:38:00,21:42:00,21:43:00,21:49:00
0625,20:41:00,20:47:00,20:48:00,20:52:00,20:53:00,20:58:00,20:59:00,21:21:00
0626,21:30:00,21:51:00,21:52:00,21:57:00,21:58:00,22:02:00,22:03:00,22:09:00
2301,00:50:30,00:57:30,00:58:30,01:02:45,01:03:15,01:26:30,01:27:30,01:45:30
2302,02:05:30,02:24:30,02:25:30,02:48:45,02:49:30,02:53:30,02:54:30,03:01:30
2303,01:40:15,01:47:15,01:48:15,01:52:30,01:53:00,02:16:15,02:17:15,02:35:15
2304,02:55:00,03:14:00,03:15:00,03:38:15,03:39:00,03:43:00,03:44:00,03:51:00
2305,02:20:30,02:27:30,02:28:30,02:32:45,02:33:15,02:56:30,02:57:30,03:15:30
2306,03:35:30,03:54:30,03:55:30,04:18:45,04:19:30,04:23:30,04:24:30,04:31:30
2307,03:10:15,03:17:15,03:18:15,03:22:30,03:23:00,03:46:15,03:47:15,04:05:15
2308,04:25:00,04:44:00,04:45:00,05:08:15,05:09:00,05:13:00,05:14:00,05:21:00
2309,03:50:30,03:57:30,03:58:30,04:02:45,04:03:15,04:26:30,04:27:30,04:45:30
2310,05:05:30,05:24:30,05:25:30,05:48:45,05:49:30,05:53:30,05:54:30,06:01:30
2311,04:40:15,04:47:15,04:48:15,04:52:30,04:53:00,05:16:15,05:17:15,05:35:15
2312,05:55:00,06:14:00,06:15:00,06:38:15,06:39:00,06:43:00,06:44:00,06:51:00
2313,05:20:30,05:27:30,05:28:30,05:32:45,05:33:15,05:56:30,05:57:30,06:15:30
2314,06:35:30,06:54:30,06:55:30,07:18:45,07:19:30,07:23:30,07:24:30,07:31:30
2315,06:10:15,06:17:15,06:18:15,06:22:30,06:23:00,06:46:15,06:47:15,07:05:15
2316,07:25:00,07:44:00,07:45:00,08:08:15,08:09:00,08:13:00,08:14:00,08:21:00
2317,06:50:30,06:57:30,06:58:30,07:02:45,07:03:15,07:26:30,07:27:30,07:45:30
2318,08:05:30,08:24:30,08:25:30,08:48:45,08:49:30,08:53:30,08:54:30,09:01:30
2319,07:40:15,07:47:15,07:48:15,07:52:30,07:53:00,08:16:15,08:17:15,08:35:15
2320,08:55:00,09:14:00,09:15:00,09:38:15,09:39:00,09:43:00,09:44:00,09:51:00
2321,08:20:30,08:27:30,08:28:30,08:32:45,08:33:15,08:56:30,08:57:30,09:15:30
2322,09:35:30,09:54:30,09:55:30,10:18:45,10:19:30,10:23:30,10:24:30,10:31:30
2323,09:10:15,09:17:15,09:18:15,09:22:30,09:23:00,09:46:15,09:47:15,10:05:15
2324,10:25:00,10:44:00,10:45:00,11:08:15,11:09:00,11:13:00,11:14:00,11:21:00
2325,09:50:30,09:57:30,09:58:30,10:02:45,10:03:15,10:26:30,10:27:30,10:45:30
2326,11:05:30,11:24:30,11:25:30,11:48:45,11:49:30,11:53:30,11:54:30,12:01:30
2327,10:40:15,10:47:15,10:48:15,10:52:30,10:53:00,11:16:15,11:17:15,11:35:15
2328,11:55:00,12:14:00,12:15:00,12:38:15,12:39:00,12:43:00,12:44:00,12:51:00
2329,11:20:30,11:27:30,11:28:30,11:32:45,11:33:15,11:56:30,11:57:30,12:15:30
2330,12:35:30,12:54:30,12:55:30,13:18:45,13:19:30,13:23:30,13:24:30,13:31:30
2331,12:10:15,12:17:15,12:18:15,12:22:30,12:23:00,12:46:15,12:47:15,13:05:15
2332,13:25:00,13:44:00,13:45:00,14:08:15,14:09:00,14:13:00,14:14:00,14:21:00
2333,12:50:30,12:57:30,12:58:30,13:02:45,13:03:15,13:26:30,13:27:30,13:45:30
2334,14:05:30,14:24:30,14:25:30,14:48:45,14:49:30,14:53:30,14:54:30,15:01:30
2335,13:40:15,13:47:15,13:48:15,13:52:30,13:53:00,14:16:15,14:17:15,14:35:15
2336,14:55:00,15:14:00,15:15:00,15:38:15,15:39:00,15:43:00,15:44:00,15:51:00
2337,14:20:30,14:27:30,14:28:30,14:32:45,14:33:15,14:56:30,14:57:30,15:15:30
2338,15:35:30,15:54:30,15:55:30,16:18:45,16:19:30,16:23:30,16:24:30,16:31:30
2339,15:10:15,15:17:15,15:18:15,15:22:30,15:23:00,15:46:15,15:47:15,16:05:15
2340,16:25:00,16:44:00,16:45:00,17:08:15,17:09:00,17:13:00,17:14:00,17:21:00
2341,15:50:30,15:57:30,15:58:30,16:02:45,16:03:15,16:26:30,16:27:30,16:45:30
2342,17:05:30,17:24:30,17:25:30,17:48:45,17:49:30,17:53:30,17:54:30,18:01:30
2343,16:40:15,16:47:15,16:48:15,16:52:30,16:53:00,17:16:15,17:17:15,17:35:15
2344,17:55:00,18:14:00,18:15:00,18:38:15,18:39:00,18:43:00,18:44:00,18:51:00
2345,17:20:30,17:27:30,17:28:30,17:32:45,17:33:15,17:56:30,17:57:30,18:15:30
2346,18:35:30,18:54:30,18:55:30,19:18:45,19:19:30,19:23:30,19:24:30,19:31:30
2347,18:10:15,18:17:15,18:18:15,18:22:30,18:23:00,18:46:15,18:47:15,19:05:15
2348,19:25:00,19:44:00,19:45:00,20:08:15,20:09:00,20:13:00,20:14:00,20:21:00
2349,18:50:30,18:57:30,18:58:30,19:02:45,19:03:15,19:26:30,19:27:30,19:45:30
2350,20:05:30,20:24:30,20:25:30,20:48:45,20:49:30,20:53:30,20:54:30,21:01:30
2351,19:40:15,19:47:15,19:48:15,19:52:30,19:53:00,20:16:15,20:17:15,20:35:15
2352,20:55:00,21:14:00,21:15:00,21:38:15,21:39:00,21:43:00,21:44:00,21:51:00
2353,20:20:30,20:27:30,20:28:30,20:32:45,20:33:15,20:56:30,20:57:30,21:15:30
2354,21:35:30,21:54:30,21:55:30,22:18:45,22:19:30,22:23:30,22:24:30,22:31:30
2355,21:10:15,21:17:15,21:18:15,21:22:30,21:23:00,21:46:15,21:47:15,22:05:15
2356,22:25:00,22:44:00,22:45:00,23:08:15,23:09:00,23:13:00,23:14:00,23:21:00
2801,00:15:00,00:48:00
2802,00:59:00,01:32:00
2803,00:45:00,01:18:00
2804,01:29:00,02:02:00
2805,01:15:00,01:48:00
2806,01:59:00,02:32:00
2807,01:45:00,02:18:00
2808,02:29:00,03:02:00
2809,02:15:00,02:48:00
2810,02:59:00,03:32:00
2811,02:45:00,03:18:00
2812,03:29:00,04:02:00
2813,03:15:00,03:48:00
2814,03:59:00,04:32:00
2815,03:45:00,04:18:00
2816,04:29:00,05:02:00
2817,04:15:00,04:48:00
2818,04:59:00,05:32:00
2819,04:45:00,05:18:00
2820,05:29:00,06:02:00
2821,05:15:00,05:48:00
2822,05:59:00,06:32:00
2823,05:45:00,06:18:00
2824,06:29:00,07:02:00
2825,06:15:00,06:48:00
2826,06:59:00,07:32:00
2827,06:45:00,07:18:00
2828,07:29:00,08:02:00
2829,07:15:00,07:48:00
2830,07:59:00,08:32:00
2831,07:45:00,08:18:00
2832,08:29:00,09:02:00
2833,08:15:00,08:48:00
2834,08:59:00,09:32:00
2835,08:45:00,09:18:00
2836,09:29:00,10:02:00
2837,09:15:00,09:48:00
2838,09:59:00,10:32:00
2839,09:45:00,10:18:00
2840,10:29:00,11:02:00
2841,10:15:00,10:48:00
2842,10:59:00,11:32:00
2843,10:45:00,11:18:00
2844,11:29:00,12:02:00
2845,11:15:00,11:48:00
2846,11:59:00,12:32:00
2847,11:45:00,12:18:00
2848,12:29:00,13:02:00
2849,12:15:00,12:48:00
2850,12:59:00,13:32:00
2851,12:45:00,13:18:00
2852,13:29:00,14:02:00
2853,13:15:00,13:48:00
2854,13:59:00,14:32:00
2855,13:45:00,14:18:00
2856,14:29:00,15:02:00
2857,14:15:00,14:48:00
2858,14:59:00,15:32:00
2859,14:45:00,15:18:00
2860,15:29:00,16:02:00
2861,15:15:00,15:48:00
2862,15:59:00,16:32:00
2863,15:45:00,16:18:00
2864,16:29:00,17:02:00
2865,16:15:00,16:48:00
2866,16:59:00,17:32:00
2867,16:45:00,17:18:00
2868,17:29:00,18:02:00
2869,17:15:00,17:48:00
2870,17:59:00,18:32:00
2871,17:45:00,18:18:00
2872,18:29:00,19:02:00
2873,18:15:00,18:48:00
2874,18:59:00,19:32:00
2875,18:45:00,19:18:00
2876,19:29:00,20:02:00
2877,19:15:00,19:48:00
2878,19:59:00,20:32:00
2879,19:45:00,20:18:00
2880,20:29:00,21:02:00
2881,20:15:00,20:48:00
2882,20:59:00,21:32:00
2883,20:45:00,21:18:00
2884,21:29:00,22:02:00
3201,00:28:00,00:35:00,00:36:00,00:40:15,00:40:45,01:04:00,01:05:00,01:23:00,01:24:00,01:34:30,01:43:30,01:57:15
3202,02:12:15,02:26:30,02:27:00,02:37:15,02:38:15,02:57:15,02:58:15,03:21:30,03:22:15,03:26:15,03:27:15,03:34:15
3203,01:13:00,01:20:00,01:21:00,01:25:15,01:25:45,01:49:00,01:50:00,02:08:00,02:09:00,02:19:30,02:28:30,02:42:15
3204,02:57:15,03:11:30,03:12:00,03:22:15,03:23:15,03:42:15,03:43:15,04:06:30,04:07:15,04:11:15,04:12:15,04:19:15
3205,01:58:00,02:05:00,02:06:00,02:10:15,02:10:45,02:34:00,02:35:00,02:53:00,02:54:00,03:04:30,03:13:30,03:27:15
3206,03:42:15,03:56:30,03:57:00,04:07:15,04:08:15,04:27:15,04:28:15,04:51:30,04:52:15,04:56:15,04:57:15,05:04:15
3207,02:43:00,02:50:00,02:51:00,02:55:15,02:55:45,03:19:00,03:20:00,03:38:00,03:39:00,03:49:30,03:58:30,04:12:15
3208,04:27:15,04:41:30,04:42:00,04:52:15,04:53:15,05:12:15,05:13:15,05:36:30,05:37:15,05:41:15,05:42:15,05:49:15
3209,03:28:00,03:35:00,03:36:00,03:40:15,03:40:45,04:04:00,04:05:00,04:23:00,04:24:00,04:34:30,04:43:30,04:57:15
3210,05:12:15,05:26:30,05:27:00,05:37:15,05:38:15,05:57:15,05:58:15,06:21:30,06:22:15,06:26:15,06:27:15,06:34:15
3211,04:13:00,04:20:00,04:21:00,04:25:15,04:25:45,04:49:00,04:50:00,05:08:00,05:09:00,05:19:30,05:28:30,05:42:15
3212,05:57:15,06:11:30,06:12:00,06:22:15,06:23:15,06:42:15,06:43:15,07:06:30,07:07:15,07:11:15,07:12:15,07:19:15
3213,04:58:00,05:05:00,05:06:00,05:10:15,05:10:45,05:34:00,05:35:00,05:53:00,05:54:00,06:04:30,06:13:30,06:27:15
3214,06:42:15,06:56:30,06:57:00,07:07:15,07:08:15,07:27:15,07:28:15,07:51:30,07:52:15,07:56:15,07:57:15,08:04:15
3215,05:43:00,05:50:00,05:51:00,05:55:15,05:55:45,06:19:00,06:20:00,06:38:00,06:39:00,06:49:30,06:58:30,07:12:15
3216,07:27:15,07:41:30,07:42:00,07:52:15,07:53:15,08:12:15,08:13:15,08:36:30,08:37:15,08:41:15,08:42:15,08:49:15
3217,06:28:00,06:35:00,06:36:00,06:40:15,06:40:45,07:04:00,07:05:00,07:23:00,07:24:00,07:34:30,07:43:30,07:57:15
3218,08:12:15,08:26:30,08:27:00,08:37:15,08:38:15,08:57:15,08:58:15,09:21:30,09:22:15,09:26:15,09:27:15,09:34:15
3219,07:13:00,07:20:00,07:21:00,07:25:15,07:25:45,07:49:00,07:50:00,08:08:00,08:09:00,08:19:30,08:28:30,08:42:15
3220,08:57:15,09:11:30,09:12:00,09:22:15,09:23:15,09:42:15,09:43:15,10:06:30,10:07:15,10:11:15,10:12:15,10:19:15
3221,07:58:00,08:05:00,08:06:00,08:10:15,08:10:45,08:34:00,08:35:00,08:53:00,08:54:00,09:04:30,09:13:30,09:27:15
3222,09:42:15,09:56:30,09:57:00,10:07:15,10:08:15,10:27:15,10:28:15,10:51:30,10:52:15,10:56:15,10:57:15,11:04:15
3223,08:43:00,08:50:00,08:51:00,08:55:15,08:55:45,09:19:00,09:20:00,09:38:00,09:39:00,09:49:30,09:58:30,10:12:15
3224,10:27:15,10:41:30,10:42:00,10:52:15,10:53:15,11:12:15,11:13:15,11:36:30,11:37:15,11:41:15,11:42:15,11:49:15
3225,09:28:00,09:35:00,09:36:00,09:40:15,09:40:45,10:04:00,10:05:00,10:23:00,10:24:00,10:34:30,10:43:30,10:57:15
3226,11:12:15,11:26:30,11:27:00,11:37:15,11:38:15,11:57:15,11:58:15,12:21:30,12:22:15,12:26:15,12:27:15,12:34:15
3227,10:13:00,10:20:00,10:21:00,10:25:15,10:25:45,10:49:00,10:50:00,11:08:00,11:09:00,11:19:30,11:28:30,11:42:15
3228,11:57:15,12:11:30,12:12:00,12:22:15,12:23:15,12:42:15,12:43:15,13:06:30,13:07:15,13:11:15,13:12:15,13:19:15
3229,10:58:00,11:05:00,11:06:00,11:10:15,11:10:45,11:34:00,11:35:00,11:53:00,11:54:00,12:04:30,12:13:30,12:27:15
3230,12:42:15,12:56:30,12:57:00,13:07:15,13:08:15,13:27:15,13:28:15,13:51:30,13:52:15,13:56:15,13:57:15,14:04:15
3231,11:43:00,11:50:00,11:51:00,11:55:15,11:55:45,12:19:00,12:20:00,12:38:00,12:39:00,12:49:30,12:58:30,13:12:15
3232,13:27:15,13:41:30,13:42:00,13:52:15,13:53:15,14:12:15,14:13:15,14:36:30,14:37:15,14:41:15,14:42:15,14:49:15
3233,12:28:00,12:35:00,12:36:00,12:40:15,12:40:45,13:04:00,13:05:00,13:23:00,13:24:00,13:34:30,13:43:30,13:57:15
3234,14:12:15,14:26:30,14:27:00,14:37:15,14:38:15,14:57:15,14:58:15,15:21:30,15:22:15,15:26:15,15:27:15,15:34:15
3235,13:13:00,13:20:00,13:21:00,13:25:15,13:25:45,13:49:00,13:50:00,14:08:00,14:09:00,14:19:30,14:28:30,14:42:15
3236,14:57:15,15:11:30,15:12:00,15:22:15,15:23:15,15:42:15,15:43:15,16:06:30,16:07:15,16:11:15,16:12:15,16:19:15
3237,13:58:00,14:05:00,14:06:00,14:10:15,14:10:45,14:34:00,14:35:00,14:53:00,14:54:00,15:04:30,15:13:30,15:27:15
3238,15:42:15,15:56:30,15:57:00,16:07:15,16:08:15,16:27:15,16:28:15,16:51:30,16:52:15,16:56:15,16:57:15,17:04:15
3239,14:43:00,14:50:00,14:51:00,14:55:15,14:55:45,15:19:00,15:20:00,15:38:00,15:39:00,15:49:30,15:58:30,16:12:15
3240,16:27:15,16:41:30,16:42:00,16:52:15,16:53:15,17:12:15,17:13:15,17:36:30,17:37:15,17:41:15,17:42:15,17:49:15
3241,15:28:00,15:35:00,15:36:00,15:40:15,15:40:45,16:04:00,16:05:00,16:23:00,16:24:00,16:34:30,16:43:30,16:57:15
3242,17:12:15,17:26:30,17:27:00,17:37:15,17:38:15,17:57:15,17:58:15,18:21:30,18:22:15,18:26:15,18:27:15,18:34:15
3243,16:13:00,16:20:00,16:21:00,16:25:15,16:25:45,16:49:00,16:50:00,17:08:00,17:09:00,17:19:30,17:28:30,17:42:15
3244,17:57:15,18:11:30,18:12:00,18:22:15,18:23:15,18:42:15,18:43:15,19:06:30,19:07:15,19:11:15,19:12:15,19:19:15
3245,16:58:00,17:05:00,17:06:00,17:10:15,17:10:45,17:34:00,17:35:00,17:53:00,17:54:00,18:04:30,18:13:30,18:27:15
3246,18:42:15,18:56:30,18:57:00,19:07:15,19:08:15,19:27:15,19:28:15,19:51:30,19:52:15,19:56:15,19:57:15,20:04:15
3247,17:43:00,17:50:00,17:51:00,17:55:15,17:55:45,18:19:00,18:20:00,18:38:00,18:39:00,18:49:30,18:58:30,19:12:15
3248,19:27:15,19:41:30,19:42:00,19:52:15,19:53:15,20:12:15,20:13:15,20:36:30,20:37:15,20:41:15,20:42:15,20:49:15
3249,18:28:00,18:35:00,18:36:00,18:40:15,18:40:45,19:04:00,19:05:00,19:23:00,19:24:00,19:34:30,19:43:30,19:57:15
3250,20:12:15,20:26:30,20:27:00,20:37:15,20:38:15,20:57:15,20:58:15,21:21:30,21:22:15,21:26:15,21:27:15,21:34:15
3251,19:13:00,19:20:00,19:21:00,19:25:15,19:25:45,19:49:00,19:50:00,20:08:00,20:09:00,20:19:30,20:28:30,20:42:15
3252,20:57:15,21:11:30,21:12:00,21:22:15,21:23:15,21:42:15,21:43:15,22:06:30,22:07:15,22:11:15,22:12:15,22:19:15
3253,19:58:00,20:05:00,20:06:00,20:10:15,20:10:45,20:34:00,20:35:00,20:53:00,20:54:00,21:04:30,21:13:30,21:27:15
3254,21:42:15,21:56:30,21:57:00,22:07:15,22:08:15,22:27:15,22:28:15,22:51:30,22:52:15,22:56:15,22:57:15,23:04:15
3255,20:43:00,20:50:00,20:51:00,20:55:15,20:55:45,21:19:00,21:20:00,21:38:00,21:39:00,21:49:30,21:58:30,22:12:15
3256,22:27:15,22:41:30,22:42:00,22:52:15,22:53:15,23:12:15,23:13:15,23:36:30,23:37:15,23:41:15,23:42:15,23:49:15
3401,00:42:30,00:49:30,00:50:30,00:54:45,00:55:15,01:18:30,01:19:30,01:37:30,01:38:30,01:54:15,02:02:15,02:17:00
3402,02:32:00,02:45:30,02:46:00,03:01:00,03:02:00,03:21:00,03:22:00,03:45:15,03:46:00,03:50:00,03:51:00,03:58:00
3403,01:27:30,01:34:30,01:35:30,01:39:45,01:40:15,02:03:30,02:04:30,02:22:30,02:23:30,02:39:15,02:47:15,03:02:00
3404,03:17:00,03:30:30,03:31:00,03:46:00,03:47:00,04:06:00,04:07:00,04:30:15,04:31:00,04:35:00,04:36:00,04:43:00
3405,02:12:30,02:19:30,02:20:30,02:24:45,02:25:15,02:48:30,02:49:30,03:07:30,03:08:30,03:24:15,03:32:15,03:47:00
3406,04:02:00,04:15:30,04:16:00,04:31:00,04:32:00,04:51:00,04:52:00,05:15:15,05:16:00,05:20:00,05:21:00,05:28:00
3407,02:57:30,03:04:30,03:05:30,03:09:45,03:10:15,03:33:30,03:34:30,03:52:30,03:53:30,04:09:15,04:17:15,04:32:00
3408,04:47:00,05:00:30,05:01:00,05:16:00,05:17:00,05:36:00,05:37:00,06:00:15,06:01:00,06:05:00,06:06:00,06:13:00
3409,03:42:30,03:49:30,03:50:30,03:54:45,03:55:15,04:18:30,04:19:30,04:37:30,04:38:30,04:54:15,05:02:15,05:17:00
3410,05:32:00,05:45:30,05:46:00,06:01:00,06:02:00,06:21:00,06:22:00,06:45:15,06:46:00,06:50:00,06:51:00,06:58:00
3411,04:27:30,04:34:30,04:35:30,04:39:45,04:40:15,05:03:30,05:04:30,05:22:30,05:23:30,05:39:15,05:47:15,06:02:00
3412,06:17:00,06:30:30,06:31:00,06:46:00,06:47:00,07:06:00,07:07:00,07:30:15,07:31:00,07:35:00,07:36:00,07:43:00
3413,05:12:30,05:19:30,05:20:30,05:24:45,05:25:15,05:48:30,05:49:30,06:07:30,06:08:30,06:24:15,06:32:15,06:47:00
3414,07:02:00,07:15:30,07:16:00,07:31:00,07:32:00,07:51:00,07:52:00,08:15:15,08:16:00,08:20:00,08:21:00,08:28:00
3415,05:57:30,06:04:30,06:05:30,06:09:45,06:10:15,06:33:30,06:34:30,06:52:30,06:53:30,07:09:15,07:17:15,07:32:00
3416,07:47:00,08:00:30,08:01:00,08:16:00,08:17:00,08:36:00,08:37:00,09:00:15,09:01:00,09:05:00,09:06:00,09:13:00
3417,06:42:30,06:49:30,06:50:30,06:54:45,06:55:15,07:18:30,07:19:30,07:37:30,07:38:30,07:54:15,08:02:15,08:17:00
3418,08:32:00,08:45:30,08:46:00,09:01:00,09:02:00,09:21:00,09:22:00,09:45:15,09:46:00,09:50:00,09:51:00,09:58:00
3419,07:27:30,07:34:30,07:35:30,07:39:45,07:40:15,08:03:30,08:04:30,08:22:30,08:23:30,08:39:15,08:47:15,09:02:00
3420,09:17:00,09:30:30,09:31:00,09:46:00,09:47:00,10:06:00,10:07:00,10:30:15,10:31:00,10:35:00,10:36:00,10:43:00
3421,08:12:30,08:19:30,08:20:30,08:24:45,08:25:15,08:48:30,08:49:30,09:07:30,09:08:30,09:24:15,09:32:15,09:47:00
3422,10:02:00,10:15:30,10:16:00,10:31:00,10:32:00,10:51:00,10:52:00,11:15:15,11:16:00,11:20:00,11:21:00,11:28:00
3423,08:57:30,09:04:30,09:05:30,09:09:45,09:10:15,09:33:30,09:34:30,09:52:30,09:53:30,10:09:15,10:17:15,10:32:00
3424,10:47:00,11:00:30,11:01:00,11:16:00,11:17:00,11:36:00,11:37:00,12:00:15,12:01:00,12:05:00,12:06:00,12:13:00
3425,09:42:30,09:49:30,09:50:30,09:54:45,09:55:15,10:18:30,10:19:30,10:37:30,10:38:30,10:54:15,11:02:15,11:17:00
3426,11:32:00,11:45:30,11:46:00,12:01:00,12:02:00,12:21:00,12:22:00,12:45:15,12:46:00,12:50:00,12:51:00,12:58:00
3427,10:27:30,10:34:30,10:35:30,10:39:45,10:40:15,11:03:30,11:04:30,11:22:30,11:23:30,11:39:15,11:47:15,12:02:00
3428,12:17:00,12:30:30,12:31:00,12:46:00,12:47:00,13:06:00,13:07:00,13:30:15,13:31:00,13:35:00,13:36:00,13:43:00
3429,11:12:30,11:19:30,11:20:30,11:24:45,11:25:15,11:48:30,11:49:30,12:07:30,12:08:30,12:24:15,12:32:15,12:47:00
3430,13:02:00,13:15:30,13:16:00,13:31:00,13:32:00,13:51:00,13:52:00,14:15:15,14:16:00,14:20:00,14:21:00,14:28:00
3431,11:57:30,12:04:30,12:05:30,12:09:45,12:10:15,12:33:30,12:34:30,12:52:30,12:53:30,13:09:15,13:17:15,13:32:00
3432,13:47:00,14:00:30,14:01:00,14:16:00,14:17:00,14:36:00,14:37:00,15:00:15,15:01:00,15:05:00,15:06:00,15:13:00
3433,12:42:30,12:49:30,12:50:30,12:54:45,12:55:15,13:18:30,13:19:30,13:37:30,13:38:30,13:54:15,14:02:15,14:17:00
3434,14:32:00,14:45:30,14:46:00,15:01:00,15:02:00,15:21:00,15:22:00,15:45:15,15:46:00,15:50:00,15:51:00,15:58:00
3435,13:27:30,13:34:30,13:35:30,13:39:45,13:40:15,14:03:30,14:04:30,14:22:30,14:23:30,14:39:15,14:47:15,15:02:00
3436,15:17:00,15:30:30,15:31:00,15:46:00,15:47:00,16:06:00,16:07:00,16:30:15,16:31:00,16:35:00,16:36:00,16:43:00
3437,14:12:30,14:19:30,14:20:30,14:24:45,14:25:15,14:48:30,14:49:30,15:07:30,15:08:30,15:24:15,15:32:15,15:47:00
3438,16:02:00,16:15:30,16:16:00,16:31:00,16:32:00,16:51:00,16:52:00,17:15:15,17:16:00,17:20:00,17:21:00,17:28:00
3439,14:57:30,15:04:30,15:05:30,15:09:45,15:10:15,15:33:30,15:34:30,15:52:30,15:53:30,16:09:15,16:17:15,16:32:00
3440,16:47:00,17:00:30,17:01:00,17:16:00,17:17:00,17:36:00,17:37:00,18:00:15,18:01:00,18:05:00,18:06:00,18:13:00
3441,15:42:30,15:49:30,15:50:30,15:54:45,15:55:15,16:18:30,16:19:30,16:37:30,16:38:30,16:54:15,17:02:15,17:17:00
3442,17:32:00,17:45:30,17:46:00,18:01:00,18:02:00,18:21:00,18:22:00,18:45:15,18:46:00,18:50:00,18:51:00,18:58:00
3443,16:27:30,16:34:30,16:35:30,16:39:45,16:40:15,17:03:30,17:04:30,17:22:30,17:23:30,17:39:15,17:47:15,18:02:00
3444,18:17:00,18:30:30,18:31:00,18:46:00,18:47:00,19:06:00,19:07:00,19:30:15,19:31:00,19:35:00,19:36:00,19:43:00
3445,17:12:30,17:19:30,17:20:30,17:24:45,17:25:15,17:48:30,17:49:30,18:07:30,18:08:30,18:24:15,18:32:15,18:47:00
3446,19:02:00,19:15:30,19:16:00,19:31:00,19:32:00,19:51:00,19:52:00,20:15:15,20:16:00,20:20:00,20:21:00,20:28:00
3447,17:57:30,18:04:30,18:05:30,18:09:45,18:10:15,18:33:30,18:34:30,18:52:30,18:53:30,19:09:15,19:17:15,19:32:00
3448,19:47:00,20:00:30,20:01:00,20:16:00,20:17:00,20:36:00,20:37:00,21:00:15,21:01:00,21:05:00,21:06:00,21:13:00
3449,18:42:30,18:49:30,18:50:30,18:54:45,18:55:15,19:18:30,19:19:30,19:37:30,19:38:30,19:54:15,20:02:15,20:17:00
3450,20:32:00,20:45:30,20:46:00,21:01:00,21:02:00,21:21:00,21:22:00,21:45:15,21:46:00,21:50:00,21:51:00,21:58:00
3451,19:27:30,19:34:30,19:35:30,19:39:45,19:40:15,20:03:30,20:04:30,20:22:30,20:23:30,20:39:15,20:47:15,21:02:00
3452,21:17:00,21:30:30,21:31:00,21:46:00,21:47:00,22:06:00,22:07:00,22:30:15,22:31:00,22:35:00,22:36:00,22:43:00
3453,20:12:30,20:19:30,20:20:30,20:24:45,20:25:15,20:48:30,20:49:30,21:07:30,21:08:30,21:24:15,21:32:15,21:47:00
3454,22:02:00,22:15:30,22:16:00,22:31:00,22:32:00,22:51:00,22:52:00,23:15:15,23:16:00,23:20:00,23:21:00,23:28:00
3455,20:57:30,21:04:30,21:05:30,21:09:45,21:10:15,21:33:30,21:34:30,21:52:30,21:53:30,22:09:15,22:17:15,22:32:00
3456,22:47:00,23:00:30,23:01:00,23:16:00,23:17:00,23:36:00,23:37:00,00:00:15,00:01:00,00:05:00,00:06:00,00:13:00
3501,00:35:00,00:42:00,00:43:00,00:47:15,00:47:45,01:11:00,01:12:00,01:39:00,01:39:45,02:11:15
3502,02:33:15,03:08:45,03:09:15,03:36:15,03:37:15,04:00:30,04:01:15,04:05:15,04:06:15,04:13:15
3503,01:20:00,01:27:00,01:28:00,01:32:15,01:32:45,01:56:00,01:57:00,02:24:00,02:24:45,02:56:15
3504,03:18:15,03:53:45,03:54:15,04:21:15,04:22:15,04:45:30,04:46:15,04:50:15,04:51:15,04:58:15
3505,02:05:00,02:12:00,02:13:00,02:17:15,02:17:45,02:41:00,02:42:00,03:09:00,03:09:45,03:41:15
3506,04:03:15,04:38:45,04:39:15,05:06:15,05:07:15,05:30:30,05:31:15,05:35:15,05:36:15,05:43:15
3507,02:50:00,02:57:00,02:58:00,03:02:15,03:02:45,03:26:00,03:27:00,03:54:00,03:54:45,04:26:15
3508,04:48:15,05:23:45,05:24:15,05:51:15,05:52:15,06:15:30,06:16:15,06:20:15,06:21:15,06:28:15
3509,03:35:00,03:42:00,03:43:00,03:47:15,03:47:45,04:11:00,04:12:00,04:39:00,04:39:45,05:11:15
3510,05:33:15,06:08:45,06:09:15,06:36:15,06:37:15,07:00:30,07:01:15,07:05:15,07:06:15,07:13:15
3511,04:20:00,04:27:00,04:28:00,04:32:15,04:32:45,04:56:00,04:57:00,05:24:00,05:24:45,05:56:15
3512,06:18:15,06:53:45,06:54:15,07:21:15,07:22:15,07:45:30,07:46:15,07:50:15,07:51:15,07:58:15
3513,05:05:00,05:12:00,05:13:00,05:17:15,05:17:45,05:41:00,05:42:00,06:09:00,06:09:45,06:41:15
3514,07:03:15,07:38:45,07:39:15,08:06:15,08:07:15,08:30:30,08:31:15,08:35:15,08:36:15,08:43:15
3515,05:50:00,05:57:00,05:58:00,06:02:15,06:02:45,06:26:00,06:27:00,06:54:00,06:54:45,07:26:15
3516,07:48:15,08:23:45,08:24:15,08:51:15,08:52:15,09:15:30,09:16:15,09:20:15,09:21:15,09:28:15
3517,06:35:00,06:42:00,06:43:00,06:47:15,06:47:45,07:11:00,07:12:00,07:39:00,07:39:45,08:11:15
3518,08:33:15,09:08:45,09:09:15,09:36:15,09:37:15,10:00:30,10:01:15,10:05:15,10:06:15,10:13:15
3519,07:20:00,07:27:00,07:28:00,07:32:15,07:32:45,07:56:00,07:57:00,08:24:00,08:24:45,08:56:15
3520,09:18:15,09:53:45,09:54:15,10:21:15,10:22:15,10:45:30,10:46:15,10:50:15,10:51:15,10:58:15
3521,08:05:00,08:12:00,08:13:00,08:17:15,08:17:45,08:41:00,08:42:00,09:09:00,09:09:45,09:41:15
3522,10:03:15,10:38:45,10:39:15,11:06:15,11:07:15,11:30:30,11:31:15,11:35:15,11:36:15,11:43:15
3523,08:50:00,08:57:00,08:58:00,09:02:15,09:02:45,09:26:00,09:27:00,09:54:00,09:54:45,10:26:15
3524,10:48:15,11:23:45,11:24:15,11:51:15,11:52:15,12:15:30,12:16:15,12:20:15,12:21:15,12:28:15
3525,09:35:00,09:42:00,09:43:00,09:47:15,09:47:45,10:11:00,10:12:00,10:39:00,10:39:45,11:11:15
3526,11:33:15,12:08:45,12:09:15,12:36:15,12:37:15,13:00:30,13:01:15,13:05:15,13:06:15,13:13:15
3527,10:20:00,10:27:00,10:28:00,10:32:15,10:32:45,10:56:00,10:57:00,11:24:00,11:24:45,11:56:15
3528,12:18:15,12:53:45,12:54:15,13:21:15,13:22:15,13:45:30,13:46:15,13:50:15,13:51:15,13:58:15
3529,11:05:00,11:12:00,11:13:00,11:17:15,11:17:45,11:41:00,11:42:00,12:09:00,12:09:45,12:41:15
3530,13:03:15,13:38:45,13:39:15,14:06:15,14:07:15,14:30:30,14:31:15,14:35:15,14:36:15,14:43:15
3531,11:50:00,11:57:00,11:58:00,12:02:15,12:02:45,12:26:00,12:27:00,12:54:00,12:54:45,13:26:15
3532,13:48:15,14:23:45,14:24:15,14:51:15,14:52:15,15:15:30,15:16:15,15:20:15,15:21:15,15:28:15
3533,12:35:00,12:42:00,12:43:00,12:47:15,12:47:45,13:11:00,13:12:00,13:39:00,13:39:45,14:11:15
3534,14:33:15,15:08:45,15:09:15,15:36:15,15:37:15,16:00:30,16:01:15,16:05:15,16:06:15,16:13:15
3535,13:20:00,13:27:00,13:28:00,13:32:15,13:32:45,13:56:00,13:57:00,14:24:00,14:24:45,14:56:15
3536,15:18:15,15:53:45,15:54:15,16:21:15,16:22:15,16:45:30,16:46:15,16:50:15,16:51:15,16:58:15
3537,14:05:00,14:12:00,14:13:00,14:17:15,14:17:45,14:41:00,14:42:00,15:09:00,15:09:45,15:41:15
3538,16:03:15,16:38:45,16:39:15,17:06:15,17:07:15,17:30:30,17:31:15,17:35:15,17:36:15,17:43:15
3539,14:50:00,14:57:00,14:58:00,15:02:15,15:02:45,15:26:00,15:27:00,15:54:00,15:54:45,16:26:15
3540,16:48:15,17:23:45,17:24:15,17:51:15,17:52:15,18:15:30,18:16:15,18:20:15,18:21:15,18:28:15
3541,15:35:00,15:42:00,15:43:00,15:47:15,15:47:45,16:11:00,16:12:00,16:39:00,16:39:45,17:11:15
3542,17:33:15,18:08:45,18:09:15,18:36:15,18:37:15,19:00:30,19:01:15,19:05:15,19:06:15,19:13:15
3543,16:20:00,16:27:00,16:28:00,16:32:15,16:32:45,16:56:00,16:57:00,17:24:00,17:24:45,17:56:15
3544,18:18:15,18:53:45,18:54:15,19:21:15,19:22:15,19:45:30,19:46:15,19:50:15,19:51:15,19:58:15
3545,17:05:00,17:12:00,17:13:00,17:17:15,17:17:45,17:41:00,17:42:00,18:09:00,18:09:45,18:41:15
3546,19:03:15,19:38:45,19:39:15,20:06:15,20:07:15,20:30:30,20:31:15,20:35:15,20:36:15,20:43:15
3547,17:50:00,17:57:00,17:58:00,18:02:15,18:02:45,18:26:00,18:27:00,18:54:00,18:54:45,19:26:15
3548,19:48:15,20:23:45,20:24:15,20:51:15,20:52:15,21:15:30,21:16:15,21:20:15,21:21:15,21:28:15
3549,18:35:00,18:42:00,18:43:00,18:47:15,18:47:45,19:11:00,19:12:00,19:39:00,19:39:45,20:11:15
3550,20:33:15,21:08:45,21:09:15,21:36:15,21:37:15,22:00:30,22:01:15,22:05:15,22:06:15,22:13:15
3551,19:20:00,19:27:00,19:28:00,19:32:15,19:32:45,19:56:00,19:57:00,20:24:00,20:24:45,20:56:15
3552,21:18:15,21:53:45,21:54:15,22:21:15,22:22:15,22:45:30,22:46:15,22:50:15,22:51:15,22:58:15
3553,20:05:00,20:12:00,20:13:00,20:17:15,20:17:45,20:41:00,20:42:00,21:09:00,21:09:45,21:41:15
3554,22:03:15,22:38:45,22:39:15,23:06:15,23:07:15,23:30:30,23:31:15,23:35:15,23:36:15,23:43:15
3555,20:50:00,20:57:00,20:58:00,21:02:15,21:02:45,21:26:00,21:27:00,21:54:00,21:54:45,22:26:15
3556,22:48:15,23:23:45,23:24:15,23:51:15,23:52:15,00:15:30,00:16:15,00:20:15,00:21:15,00:28:15
9001,00:00:00,00:14:45,00:15:45,00:23:45,00:24:45,00:47:00
9002,01:00:30,01:22:30,01:23:30,01:31:15,01:32:15,01:46:30
9003,00:30:00,00:44:45,00:45:45,00:53:45,00:54:45,01:17:00
9004,01:30:30,01:52:30,01:53:30,02:01:15,02:02:15,02:16:30
9005,01:00:00,01:14:45,01:15:45,01:23:45,01:24:45,01:47:00
9006,02:00:30,02:22:30,02:23:30,02:31:15,02:32:15,02:46:30
9007,01:30:00,01:44:45,01:45:45,01:53:45,01:54:45,02:17:00
9008,02:30:30,02:52:30,02:53:30,03:01:15,03:02:15,03:16:30
9009,02:00:00,02:14:45,02:15:45,02:23:45,02:24:45,02:47:00
9010,03:00:30,03:22:30,03:23:30,03:31:15,03:32:15,03:46:30
9011,02:30:00,02:44:45,02:45:45,02:53:45,02:54:45,03:17:00
9012,03:30:30,03:52:30,03:53:30,04:01:15,04:02:15,04:16:30
9013,03:00:00,03:14:45,03:15:45,03:23:45,03:24:45,03:47:00
9014,04:00:30,04:22:30,04:23:30,04:31:15,04:32:15,04:46:30
9015,03:30:00,03:44:45,03:45:45,03:53:45,03:54:45,04:17:00
9016,04:30:30,04:52:30,04:53:30,05:01:15,05:02:15,05:16:30
9017,04:00:00,04:14:45,04:15:45,04:23:45,04:24:45,04:47:00
9018,05:00:30,05:22:30,05:23:30,05:31:15,05:32:15,05:46:30
9019,04:30:00,04:44:45,04:45:45,04:53:45,04:54:45,05:17:00
9020,05:30:30,05:52:30,05:53:30,06:01:15,06:02:15,06:16:30
9021,05:00:00,05:14:45,05:15:45,05:23:45,05:24:45,05:47:00
9022,06:00:30,06:22:30,06:23:30,06:31:15,06:32:15,06:46:30
9023,05:30:00,05:44:45,05:45:45,05:53:45,05:54:45,06:17:00
9024,06:30:30,06:52:30,06:53:30,07:01:15,07:02:15,07:16:30
9025,06:00:00,06:14:45,06:15:45,06:23:45,06:24:45,06:47:00
9026,07:00:30,07:22:30,07:23:30,07:31:15,07:32:15,07:46:30
9027,06:30:00,06:44:45,06:45:45,06:53:45,06:54:45,07:17:00
9028,07:30:30,07:52:30,07:53:30,08:01:15,08:02:15,08:16:30
9029,07:00:00,07:14:45,07:15:45,07:23:45,07:24:45,07:47:00
9030,08:00:30,08:22:30,08:23:30,08:31:15,08:32:15,08:46:30
9031,07:30:00,07:44:45,07:45:45,07:53:45,07:54:45,08:17:00
9032,08:30:30,08:52:30,08:53:30,09:01:15,09:02:15,09:16:30
9033,08:00:00,08:14:45,08:15:45,08:23:45,08:24:45,08:47:00
9034,09:00:30,09:22:30,09:23:30,09:31:15,09:32:15,09:46:30
9035,08:30:00,08:44:45,08:45:45,08:53:45,08:54:45,09:17:00
9036,09:30:30,09:52:30,09:53:30,10:01:15,10:02:15,10:16:30
9037,09:00:00,09:14:45,09:15:45,09:23:45,09:24:45,09:47:00
9038,10:00:30,10:22:30,10:23:30,10:31:15,10:32:15,10:46:30
9039,09:30:00,09:44:45,09:45:45,09:53:45,09:54:45,10:17:00
9040,10:30:30,10:52:30,10:53:30,11:01:15,11:02:15,11:16:30
9041,10:00:00,10:14:45,10:15:45,10:23:45,10:24:45,10:47:00
9042,11:00:30,11:22:30,11:23:30,11:31:15,11:32:15,11:46:30
9043,10:30:00,10:44:45,10:45:45,10:53:45,10:54:45,11:17:00
9044,11:30:30,11:52:30,11:53:30,12:01:15,12:02:15,12:16:30
9045,11:00:00,11:14:45,11:15:45,11:23:45,11:24:45,11:47:00
9046,12:00:30,12:22:30,12:23:30,12:31:15,12:32:15,12:46:30
9047,11:30:00,11:44:45,11:45:45,11:53:45,11:54:45,12:17:00
9048,12:30:30,12:52:30,12:53:30,13:01:15,13:02:15,13:16:30
9049,12:00:00,12:14:45,12:15:45,12:23:45,12:24:45,12:47:00
9050,13:00:30,13:22:30,13:23:30,13:31:15,13:32:15,13:46:30
9051,12:30:00,12:44:45,12:45:45,12:53:45,12:54:45,13:17:00
9052,13:30:30,13:52:30,13:53:30,14:01:15,14:02:15,14:16:30
9053,13:00:00,13:14:45,13:15:45,13:23:45,13:24:45,13:47:00
9054,14:00:30,14:22:30,14:23:30,14:31:15,14:32:15,14:46:30
9055,13:30:00,13:44:45,13:45:45,13:53:45,13:54:45,14:17:00
9056,14:30:30,14:52:30,14:53:30,15:01:15,15:02:15,15:16:30
9057,14:00:00,14:14:45,14:15:45,14:23:45,14:24:45,14:47:00
9058,15:00:30,15:22:30,15:23:30,15:31:15,15:32:15,15:46:30
9059,14:30:00,14:44:45,14:45:45,14:53:45,14:54:45,15:17:00
9060,15:30:30,15:52:30,15:53:30,16:01:15,16:02:15,16:16:30
9061,15:00:00,15:14:45,15:15:45,15:23:45,15:24:45,15:47:00
9062,16:00:30,16:22:30,16:23:30,16:31:15,16:32:15,16:46:30
9063,15:30:00,15:44:45,15:45:45,15:53:45,15:54:45,16:17:00
9064,16:30:30,16:52:30,16:53:30,17:01:15,17:02:15,17:16:30
9065,16:00:00,16:14:45,16:15:45,16:23:45,16:24:45,16:47:00
9066,17:00:30,17:22:30,17:23:30,17:31:15,17:32:15,17:46:30
9067,16:30:00,16:44:45,16:45:45,16:53:45,16:54:45,17:17:00
9068,17:30:30,17:52:30,17:53:30,18:01:15,18:02:15,18:16:30
9069,17:00:00,17:14:45,17:15:45,17:23:45,17:24:45,17:47:00
9070,18:00:30,18:22:30,18:23:30,18:31:15,18:32:15,18:46:30
9071,17:30:00,17:44:45,17:45:45,17:53:45,17:54:45,18:17:00
9072,18:30:30,18:52:30,18:53:30,19:01:15,19:02:15,19:16:30
9073,18:00:00,18:14:45,18:15:45,18:23:45,18:24:45,18:47:00
9074,19:00:30,19:22:30,19:23:30,19:31:15,19:32:15,19:46:30
9075,18:30:00,18:44:45,18:45:45,18:53:45,18:54:45,19:17:00
9076,19:30:30,19:52:30,19:53:30,20:01:15,20:02:15,20:16:30
9077,19:00:00,19:14:45,19:15:45,19:23:45,19:24:45,19:47:00
9078,20:00:30,20:22:30,20:23:30,20:31:15,20:32:15,20:46:30
9079,19:30:00,19:44:45,19:45:45,19:53:45,19:54:45,20:17:00
9080,20:30:30,20:52:30,20:53:30,21:01:15,21:02:15,21:16:30
9081,20:00:00,20:14:45,20:15:45,20:23:45,20:24:45,20:47:00
9082,21:00:30,21:22:30,21:23:30,21:31:15,21:32:15,21:46:30
9083,20:30:00,20:44:45,20:45:45,20:53:45,20:54:45,21:17:00
9084,21:30:30,21:52:30,21:53:30,22:01:15,22:02:15,22:16:30
9401,00:07:00,00:22:00,00:23:00,00:31:00,00:32:00,01:04:00
9402,01:14:00,01:45:00,01:46:00,01:54:00,01:55:00,02:09:00
9403,00:37:00,00:52:00,00:53:00,01:01:00,01:02:00,01:34:00
9404,01:44:00,02:15:00,02:16:00,02:24:00,02:25:00,02:39:00
9405,01:07:00,01:22:00,01:23:00,01:31:00,01:32:00,02:04:00
9406,02:14:00,02:45:00,02:46:00,02:54:00,02:55:00,03:09:00
9407,01:37:00,01:52:00,01:53:00,02:01:00,02:02:00,02:34:00
9408,02:44:00,03:15:00,03:16:00,03:24:00,03:25:00,03:39:00
9409,02:07:00,02:22:00,02:23:00,02:31:00,02:32:00,03:04:00
9410,03:14:00,03:45:00,03:46:00,03:54:00,03:55:00,04:09:00
9411,02:37:00,02:52:00,02:53:00,03:01:00,03:02:00,03:34:00
9412,03:44:00,04:15:00,04:16:00,04:24:00,04:25:00,04:39:00
9413,03:07:00,03:22:00,03:23:00,03:31:00,03:32:00,04:04:00
9414,04:14:00,04:45:00,04:46:00,04:54:00,04:55:00,05:09:00
9415,03:37:00,03:52:00,03:53:00,04:01:00,04:02:00,04:34:00
9416,04:44:00,05:15:00,05:16:00,05:24:00,05:25:00,05:39:00
9417,04:07:00,04:22:00,04:23:00,04:31:00,04:32:00,05:04:00
9418,05:14:00,05:45:00,05:46:00,05:54:00,05:55:00,06:09:00
9419,04:37:00,04:52:00,04:53:00,05:01:00,05:02:00,05:34:00
9420,05:44:00,06:15:00,06:16:00,06:24:00,06:25:00,06:39:00
9421,05:07:00,05:22:00,05:23:00,05:31:00,05:32:00,06:04:00
9422,06:14:00,06:45:00,06:46:00,06:54:00,06:55:00,07:09:00
9423,05:37:00,05:52:00,05:53:00,06:01:00,06:02:00,06:34:00
9424,06:44:00,07:15:00,07:16:00,07:24:00,07:25:00,07:39:00
9425,06:07:00,06:22:00,06:23:00,06:31:00,06:32:00,07:04:00
9426,07:14:00,07:45:00,07:46:00,07:54:00,07:55:00,08:09:00
9427,06:37:00,06:52:00,06:53:00,07:01:00,07:02:00,07:34:00
9428,07:44:00,08:15:00,08:16:00,08:24:00,08:25:00,08:39:00
9429,07:07:00,07:22:00,07:23:00,07:31:00,07:32:00,08:04:00
9430,08:14:00,08:45:00,08:46:00,08:54:00,08:55:00,09:09:00
9431,07:37:00,07:52:00,07:53:00,08:01:00,08:02:00,08:34:00
9432,08:44:00,09:15:00,09:16:00,09:24:00,09:25:00,09:39:00
9433,08:07:00,08:22:00,08:23:00,08:31:00,08:32:00,09:04:00
9434,09:14:00,09:45:00,09:46:00,09:54:00,09:55:00,10:09:00
9435,08:37:00,08:52:00,08:53:00,09:01:00,09:02:00,09:34:00
9436,09:44:00,10:15:00,10:16:00,10:24:00,10:25:00,10:39:00
9437,09:07:00,09:22:00,09:23:00,09:31:00,09:32:00,10:04:00
9438,10:14:00,10:45:00,10:46:00,10:54:00,10:55:00,11:09:00
9439,09:37:00,09:52:00,09:53:00,10:01:00,10:02:00,10:34:00
9440,10:44:00,11:15:00,11:16:00,11:24:00,11:25:00,11:39:00
9441,10:07:00,10:22:00,10:23:00,10:31:00,10:32:00,11:04:00
9442,11:14:00,11:45:00,11:46:00,11:54:00,11:55:00,12:09:00
9443,10:37:00,10:52:00,10:53:00,11:01:00,11:02:00,11:34:00
9444,11:44:00,12:15:00,12:16:00,12:24:00,12:25:00,12:39:00
9445,11:07:00,11:22:00,11:23:00,11:31:00,11:32:00,12:04:00
9446,12:14:00,12:45:00,12:46:00,12:54:00,12:55:00,13:09:00
9447,11:37:00,11:52:00,11:53:00,12:01:00,12:02:00,12:34:00
9448,12:44:00,13:15:00,13:16:00,13:24:00,13:25:00,13:39:00
9449,12:07:00,12:22:00,12:23:00,12:31:00,12:32:00,13:04:00
9450,13:14:00,13:45:00,13:46:00,13:54:00,13:55:00,14:09:00
9451,12:37:00,12:52:00,12:53:00,13:01:00,13:02:00,13:34:00
9452,13:44:00,14:15:00,14:16:00,14:24:00,14:25:00,14:39:00
9453,13:07:00,13:22:00,13:23:00,13:31:00,13:32:00,14:04:00
9454,14:14:00,14:45:00,14:46:00,14:54:00,14:55:00,15:09:00
9455,13:37:00,13:52:00,13:53:00,14:01:00,14:02:00,14:34:00
9456,14:44:00,15:15:00,15:16:00,15:24:00,15:25:00,15:39:00
9457,14:07:00,14:22:00,14:23:00,14:31:00,14:32:00,15:04:00
9458,15:14:00,15:45:00,15:46:00,15:54:00,15:55:00,16:09:00
9459,14:37:00,14:52:00,14:53:00,15:01:00,15:02:00,15:34:00
9460,15:44:00,16:15:00,16:16:00,16:24:00,16:25:00,16:39:00
9461,15:07:00,15:22:00,15:23:00,15:31:00,15:32:00,16:04:00
9462,16:14:00,16:45:00,16:46:00,16:54:00,16:55:00,17:09:00
9463,15:37:00,15:52:00,15:53:00,16:01:00,16:02:00,16:34:00
9464,16:44:00,17:15:00,17:16:00,17:24:00,17:25:00,17:39:00
9465,16:07:00,16:22:00,16:23:00,16:31:00,16:32:00,17:04:00
9466,17:14:00,17:45:00,17:46:00,17:54:00,17:55:00,18:09:00
9467,16:37:00,16:52:00,16:53:00,17:01:00,17:02:00,17:34:00
9468,17:44:00,18:15:00,18:16:00,18:24:00,18:25:00,18:39:00
9469,17:07:00,17:22:00,17:23:00,17:31:00,17:32:00,18:04:00
9470,18:14:00,18:45:00,18:46:00,18:54:00,18:55:00,19:09:00
9471,17:37:00,17:52:00,17:53:00,18:01:00,18:02:00,18:34:00
9472,18:44:00,19:15:00,19:16:00,19:24:00,19:25:00,19:39:00
9473,18:07:00,18:22:00,18:23:00,18:31:00,18:32:00,19:04:00
9474,19:14:00,19:45:00,19:46:00,19:54:00,19:55:00,20:09:00
9475,18:37:00,18:52:00,18:53:00,19:01:00,19:02:00,19:34:00
9476,19:44:00,20:15:00,20:16:00,20:24:00,20:25:00,20:39:00
9477,19:07:00,19:22:00,19:23:00,19:31:00,19:32:00,20:04:00
9478,20:14:00,20:45:00,20:46:00,20:54:00,20:55:00,21:09:00
9479,19:37:00,19:52:00,19:53:00,20:01:00,20:02:00,20:34:00
9480,20:44:00,21:15:00,21:16:00,21:24:00,21:25:00,21:39:00
9481,20:07:00,20:22:00,20:23:00,20:31:00,20:32:00,21:04:00
9482,21:14:00,21:45:00,21:46:00,21:54:00,21:55:00,22:09:00
9483,20:37:00,20:52:00,20:53:00,21:01:00,21:02:00,21:34:00
9484,21:44:00,22:15:00,22:16:00,22:24:00,22:25:00,22:39:00
9501,00:06:00,00:12:00,00:12:30,00:16:30,00:17:00,00:22:00,00:22:30,00:31:30,00:32:00,00:56:00
9502,01:09:00,01:33:00,01:34:00,01:43:00,01:43:30,01:48:30,01:49:00,01:53:00,01:54:00,02:00:00
9503,00:16:00,00:22:00,00:22:30,00:26:30,00:27:00,00:32:00,00:32:30,00:41:30,00:42:00,01:06:00
9504,01:23:00,01:47:00,01:48:00,01:57:00,01:57:30,02:02:30,02:03:00,02:07:00,02:08:00,02:14:00
9505,00:35:00,00:41:00,00:41:30,00:45:30,00:46:00,00:51:00,00:51:30,01:00:30,01:01:00,01:25:00
9506,01:43:00,02:07:00,02:08:00,02:17:00,02:17:30,02:22:30,02:23:00,02:27:00,02:28:00,02:34:00
9507,00:50:00,00:56:00,00:56:30,01:00:30,01:01:00,01:06:00,01:06:30,01:15:30,01:16:00,01:40:00
9508,01:53:00,02:17:00,02:18:00,02:27:00,02:27:30,02:32:30,02:33:00,02:37:00,02:38:00,02:44:00
9509,01:06:00,01:12:00,01:12:30,01:16:30,01:17:00,01:22:00,01:22:30,01:31:30,01:32:00,01:56:00
9510,02:09:00,02:33:00,02:34:00,02:43:00,02:43:30,02:48:30,02:49:00,02:53:00,02:54:00,03:00:00
9511,01:16:00,01:22:00,01:22:30,01:26:30,01:27:00,01:32:00,01:32:30,01:41:30,01:42:00,02:06:00
9512,02:23:00,02:47:00,02:48:00,02:57:00,02:57:30,03:02:30,03:03:00,03:07:00,03:08:00,03:14:00
9513,01:35:00,01:41:00,01:41:30,01:45:30,01:46:00,01:51:00,01:51:30,02:00:30,02:01:00,02:25:00
9514,02:43:00,03:07:00,03:08:00,03:17:00,03:17:30,03:22:30,03:23:00,03:27:00,03:28:00,03:34:00
9515,01:50:00,01:56:00,01:56:30,02:00:30,02:01:00,02:06:00,02:06:30,02:15:30,02:16:00,02:40:00
9516,02:53:00,03:17:00,03:18:00,03:27:00,03:27:30,03:32:30,03:33:00,03:37:00,03:38:00,03:44:00
9517,02:06:00,02:12:00,02:12:30,02:16:30,02:17:00,02:22:00,02:22:30,02:31:30,02:32:00,02:56:00
9518,03:09:00,03:33:00,03:34:00,03:43:00,03:43:30,03:48:30,03:49:00,03:53:00,03:54:00,04:00:00
9519,02:16:00,02:22:00,02:22:30,02:26:30,02:27:00,02:32:00,02:32:30,02:41:30,02:42:00,03:06:00
9520,03:23:00,03:47:00,03:48:00,03:57:00,03:57:30,04:02:30,04:03:00,04:07:00,04:08:00,04:14:00
9521,02:35:00,02:41:00,02:41:30,02:45:30,02:46:00,02:51:00,02:51:30,03:00:30,03:01:00,03:25:00
9522,03:43:00,04:07:00,04:08:00,04:17:00,04:17:30,04:22:30,04:23:00,04:27:00,04:28:00,04:34:00
9523,02:50:00,02:56:00,02:56:30,03:00:30,03:01:00,03:06:00,03:06:30,03:15:30,03:16:00,03:40:00
9524,03:53:00,04:17:00,04:18:00,04:27:00,04:27:30,04:32:30,04:33:00,04:37:00,04:38:00,04:44:00
9525,03:06:00,03:12:00,03:12:30,03:16:30,03:17:00,03:22:00,03:22:30,03:31:30,03:32:00,03:56:00
9526,04:09:00,04:33:00,04:34:00,04:43:00,04:43:30,04:48:30,04:49:00,04:53:00,04:54:00,05:00:00
9527,03:16:00,03:22:00,03:22:30,03:26:30,03:27:00,03:32:00,03:32:30,03:41:30,03:42:00,04:06:00
9528,04:23:00,04:47:00,04:48:00,04:57:00,04:57:30,05:02:30,05:03:00,05:07:00,05:08:00,05:14:00
9529,03:35:00,03:41:00,03:41:30,03:45:30,03:46:00,03:51:00,03:51:30,04:00:30,04:01:00,04:25:00
9530,04:43:00,05:07:00,05:08:00,05:17:00,05:17:30,05:22:30,05:23:00,05:27:00,05:28:00,05:34:00
9531,03:50:00,03:56:00,03:56:30,04:00:30,04:01:00,04:06:00,04:06:30,04:15:30,04:16:00,04:40:00
9532,04:53:00,05:17:00,05:18:00,05:27:00,05:27:30,05:32:30,05:33:00,05:37:00,05:38:00,05:44:00
9533,04:06:00,04:12:00,04:12:30,04:16:30,04:17:00,04:22:00,04:22:30,04:31:30,04:32:00,04:56:00
9534,05:09:00,05:33:00,05:34:00,05:43:00,05:43:30,05:48:30,05:49:00,05:53:00,05:54:00,06:00:00
9535,04:16:00,04:22:00,04:22:30,04:26:30,04:27:00,04:32:00,04:32:30,04:41:30,04:42:00,05:06:00
9536,05:23:00,05:47:00,05:48:00,05:57:00,05:57:30,06:02:30,06:03:00,06:07:00,06:08:00,06:14:00
9537,04:35:00,04:41:00,04:41:30,04:45:30,04:46:00,04:51:00,04:51:30,05:00:30,05:01:00,05:25:00
9538,05:43:00,06:07:00,06:08:00,06:17:00,06:17:30,06:22:30,06:23:00,06:27:00,06:28:00,06:34:00
9539,04:50:00,04:56:00,04:56:30,05:00:30,05:01:00,05:06:00,05:06:30,05:15:30,05:16:00,05:40:00
9540,05:53:00,06:17:00,06:18:00,06:27:00,06:27:30,06:32:30,06:33:00,06:37:00,06:38:00,06:44:00
9541,05:06:00,05:12:00,05:12:30,05:16:30,05:17:00,05:22:00,05:22:30,05:31:30,05:32:00,05:56:00
9542,06:09:00,06:33:00,06:34:00,06:43:00,06:43:30,06:48:30,06:49:00,06:53:00,06:54:00,07:00:00
9543,05:16:00,05:22:00,05:22:30,05:26:30,05:27:00,05:32:00,05:32:30,05:41:30,05:42:00,06:06:00
9544,06:23:00,06:47:00,06:48:00,06:57:00,06:57:30,07:02:30,07:03:00,07:07:00,07:08:00,07:14:00
9545,05:35:00,05:41:00,05:41:30,05:45:30,05:46:00,05:51:00,05:51:30,06:00:30,06:01:00,06:25:00
9546,06:43:00,07:07:00,07:08:00,07:17:00,07:17:30,07:22:30,07:23:00,07:27:00,07:28:00,07:34:00
9547,05:50:00,05:56:00,05:56:30,06:00:30,06:01:00,06:06:00,06:06:30,06:15:30,06:16:00,06:40:00
9548,06:53:00,07:17:00,07:18:00,07:27:00,07:27:30,07:32:30,07:33:00,07:37:00,07:38:00,07:44:00
9549,06:06:00,06:12:00,06:12:30,06:16:30,06:17:00,06:22:00,06:22:30,06:31:30,06:32:00,06:56:00
9550,07:09:00,07:33:00,07:34:00,07:43:00,07:43:30,07:48:30,07:49:00,07:53:00,07:54:00,08:00:00
9551,06:16:00,06:22:00,06:22:30,06:26:30,06:27:00,06:32:00,06:32:30,06:41:30,06:42:00,07:06:00
9552,07:23:00,07:47:00,07:48:00,07:57:00,07:57:30,08:02:30,08:03:00,08:07:00,08:08:00,08:14:00
9553,06:35:00,06:41:00,06:41:30,06:45:30,06:46:00,06:51:00,06:51:30,07:00:30,07:01:00,07:25:00
9554,07:43:00,08:07:00,08:08:00,08:17:00,08:17:30,08:22:30,08:23:00,08:27:00,08:28:00,08:34:00
9555,06:50:00,06:56:00,06:56:30,07:00:30,07:01:00,07:06:00,07:06:30,07:15:30,07:16:00,07:40:00
9556,07:53:00,08:17:00,08:18:00,08:27:00,08:27:30,08:32:30,08:33:00,08:37:00,08:38:00,08:44:00
9557,07:06:00,07:12:00,07:12:30,07:16:30,07:17:00,07:22:00,07:22:30,07:31:30,07:32:00,07:56:00
9558,08:09:00,08:33:00,08:34:00,08:43:00,08:43:30,08:48:30,08:49:00,08:53:00,08:54:00,09:00:00
9559,07:16:00,07:22:00,07:22:30,07:26:30,07:27:00,07:32:00,07:32:30,07:41:30,07:42:00,08:06:00
9560,08:23:00,08:47:00,08:48:00,08:57:00,08:57:30,09:02:30,09:03:00,09:07:00,09:08:00,09:14:00
9561,07:35:00,07:41:00,07:41:30,07:45:30,07:46:00,07:51:00,07:51:30,08:00:30,08:01:00,08:25:00
9562,08:43:00,09:07:00,09:08:00,09:17:00,09:17:30,09:22:30,09:23:00,09:27:00,09:28:00,09:34:00
9563,07:50:00,07:56:00,07:56:30,08:00:30,08:01:00,08:06:00,08:06:30,08:15:30,08:16:00,08:40:00
9564,08:53:00,09:17:00,09:18:00,09:27:00,09:27:30,09:32:30,09:33:00,09:37:00,09:38:00,09:44:00
9565,08:06:00,08:12:00,08:12:30,08:16:30,08:17:00,08:22:00,08:22:30,08:31:30,08:32:00,08:56:00
9566,09:09:00,09:33:00,09:34:00,09:43:00,09:43:30,09:48:30,09:49:00,09:53:00,09:54:00,10:00:00
9567,08:16:00,08:22:00,08:22:30,08:26:30,08:27:00,08:32:00,08:32:30,08:41:30,08:42:00,09:06:00
9568,09:23:00,09:47:00,09:48:00,09:57:00,09:57:30,10:02:30,10:03:00,10:07:00,10:08:00,10:14:00
9569,08:35:00,08:41:00,08:41:30,08:45:30,08:46:00,08:51:00,08:51:30,09:00:30,09:01:00,09:25:00
9570,09:43:00,10:07:00,10:08:00,10:17:00,10:17:30,10:22:30,10:23:00,10:27:00,10:28:00,10:34:00
9571,08:50:00,08:56:00,08:56:30,09:00:30,09:01:00,09:06:00,09:06:30,09:15:30,09:16:00,09:40:00
9572,09:53:00,10:17:00,10:18:00,10:27:00,10:27:30,10:32:30,10:33:00,10:37:00,10:38:00,10:44:00
9573,09:06:00,09:12:00,09:12:30,09:16:30,09:17:00,09:22:00,09:22:30,09:31:30,09:32:00,09:56:00
9574,10:09:00,10:33:00,10:34:00,10:43:00,10:43:30,10:48:30,10:49:00,10:53:00,10:54:00,11:00:00
9575,09:16:00,09:22:00,09:22:30,09:26:30,09:27:00,09:32:00,09:32:30,09:41:30,09:42:00,10:06:00
9576,10:23:00,10:47:00,10:48:00,10:57:00,10:57:30,11:02:30,11:03:00,11:07:00,11:08:00,11:14:00
9577,09:35:00,09:41:00,09:41:30,09:45:30,09:46:00,09:51:00,09:51:30,10:00:30,10:01:00,10:25:00
9578,10:43:00,11:07:00,11:08:00,11:17:00,11:17:30,11:22:30,11:23:00,11:27:00,11:28:00,11:34:00
9579,09:50:00,09:56:00,09:56:30,10:00:30,10:01:00,10:06:00,10:06:30,10:15:30,10:16:00,10:40:00
9580,10:53:00,11:17:00,11:18:00,11:27:00,11:27:30,11:32:30,11:33:00,11:37:00,11:38:00,11:44:00
9581,10:06:00,10:12:00,10:12:30,10:16:30,10:17:00,10:22:00,10:22:30,10:31:30,10:32:00,10:56:00
9582,11:09:00,11:33:00,11:34:00,11:43:00,11:43:30,11:48:30,11:49:00,11:53:00,11:54:00,12:00:00
9583,10:16:00,10:22:00,10:22:30,10:26:30,10:27:00,10:32:00,10:32:30,10:41:30,10:42:00,11:06:00
9584,11:23:00,11:47:00,11:48:00,11:57:00,11:57:30,12:02:30,12:03:00,12:07:00,12:08:00,12:14:00
9585,10:35:00,10:41:00,10:41:30,10:45:30,10:46:00,10:51:00,10:51:30,11:00:30,11:01:00,11:25:00
9586,11:43:00,12:07:00,12:08:00,12:17:00,12:17:30,12:22:30,12:23:00,12:27:00,12:28:00,12:34:00
9587,10:50:00,10:56:00,10:56:30,11:00:30,11:01:00,11:06:00,11:06:30,11:15:30,11:16:00,11:40:00
9588,11:53:00,12:17:00,12:18:00,12:27:00,12:27:30,12:32:30,12:33:00,12:37:00,12:38:00,12:44:00
9589,11:06:00,11:12:00,11:12:30,11:16:30,11:17:00,11:22:00,11:22:30,11:31:30,11:32:00,11:56:00
9590,12:09:00,12:33:00,12:34:00,12:43:00,12:43:30,12:48:30,12:49:00,12:53:00,12:54:00,13:00:00
9591,11:16:00,11:22:00,11:22:30,11:26:30,11:27:00,11:32:00,11:32:30,11:41:30,11:42:00,12:06:00
9592,12:23:00,12:47:00,12:48:00,12:57:00,12:57:30,13:02:30,13:03:00,13:07:00,13:08:00,13:14:00
9593,11:35:00,11:41:00,11:41:30,11:45:30,11:46:00,11:51:00,11:51:30,12:00:30,12:01:00,12:25:00
9594,12:43:00,13:07:00,13:08:00,13:17:00,13:17:30,13:22:30,13:23:00,13:27:00,13:28:00,13:34:00
9595,11:50:00,11:56:00,11:56:30,12:00:30,12:01:00,12:06:00,12:06:30,12:15:30,12:16:00,12:40:00
9596,12:53:00,13:17:00,13:18:00,13:27:00,13:27:30,13:32:30,13:33:00,13:37:00,13:38:00,13:44:00
9597,12:06:00,12:12:00,12:12:30,12:16:30,12:17:00,12:22:00,12:22:30,12:31:30,12:32:00,12:56:00
9598,13:09:00,13:33:00,13:34:00,13:43:00,13:43:30,13:48:30,13:49:00,13:53:00,13:54:00,14:00:00
9599,12:16:00,12:22:00,12:22:30,12:26:30,12:27:00,12:32:00,12:32:30,12:41:30,12:42:00,13:06:00
9600,13:23:00,13:47:00,13:48:00,13:57:00,13:57:30,14:02:30,14:03:00,14:07:00,14:08:00,14:14:00
9601,12:35:00,12:41:00,12:41:30,12:45:30,12:46:00,12:51:00,12:51:30,13:00:30,13:01:00,13:25:00
9602,13:43:00,14:07:00,14:08:00,14:17:00,14:17:30,14:22:30,14:23:00,14:27:00,14:28:00,14:34:00
9603,12:50:00,12:56:00,12:56:30,13:00:30,13:01:00,13:06:00,13:06:30,13:15:30,13:16:00,13:40:00
9604,13:53:00,14:17:00,14:18:00,14:27:00,14:27:30,14:32:30,14:33:00,14:37:00,14:38:00,14:44:00
9605,13:06:00,13:12:00,13:12:30,13:16:30,13:17:00,13:22:00,13:22:30,13:31:30,13:32:00,13:56:00
9606,14:09:00,14:33:00,14:34:00,14:43:00,14:43:30,14:48:30,14:49:00,14:53:00,14:54:00,15:00:00
9607,13:16:00,13:22:00,13:22:30,13:26:30,13:27:00,13:32:00,13:32:30,13:41:30,13:42:00,14:06:00
9608,14:23:00,14:47:00,14:48:00,14:57:00,14:57:30,15:02:30,15:03:00,15:07:00,15:08:00,15:14:00
9609,13:35:00,13:41:00,13:41:30,13:45:30,13:46:00,13:51:00,13:51:30,14:00:30,14:01:00,14:25:00
9610,14:43:00,15:07:00,15:08:00,15:17:00,15:17:30,15:22:30,15:23:00,15:27:00,15:28:00,15:34:00
9611,13:50:00,13:56:00,13:56:30,14:00:30,14:01:00,14:06:00,14:06:30,14:15:30,14:16:00,14:40:00
9612,14:53:00,15:17:00,15:18:00,15:27:00,15:27:30,15:32:30,15:33:00,15:37:00,15:38:00,15:44:00
9613,14:06:00,14:12:00,14:12:30,14:16:30,14:17:00,14:22:00,14:22:30,14:31:30,14:32:00,14:56:00
9614,15:09:00,15:33:00,15:34:00,15:43:00,15:43:30,15:48:30,15:49:00,15:53:00,15:54:00,16:00:00
9615,14:16:00,14:22:00,14:22:30,14:26:30,14:27:00,14:32:00,14:32:30,14:41:30,14:42:00,15:06:00
9616,15:23:00,15:47:00,15:48:00,15:57:00,15:57:30,16:02:30,16:03:00,16:07:00,16:08:00,16:14:00
9617,14:35:00,14:41:00,14:41:30,14:45:30,14:46:00,14:51:00,14:51:30,15:00:30,15:01:00,15:25:00
9618,15:43:00,16:07:00,16:08:00,16:17:00,16:17:30,16:22:30,16:23:00,16:27:00,16:28:00,16:34:00
9619,14:50:00,14:56:00,14:56:30,15:00:30,15:01:00,15:06:00,15:06:30,15:15:30,15:16:00,15:40:00
9620,15:53:00,16:17:00,16:18:00,16:27:00,16:27:30,16:32:30,16:33:00,16:37:00,16:38:00,16:44:00
9621,15:06:00,15:12:00,15:12:30,15:16:30,15:17:00,15:22:00,15:22:30,15:31:30,15:32:00,15:56:00
9622,16:09:00,16:33:00,16:34:00,16:43:00,16:43:30,16:48:30,16:49:00,16:53:00,16:54:00,17:00:00
9623,15:16:00,15:22:00,15:22:30,15:26:30,15:27:00,15:32:00,15:32:30,15:41:30,15:42:00,16:06:00
9624,16:23:00,16:47:00,16:48:00,16:57:00,16:57:30,17:02:30,17:03:00,17:07:00,17:08:00,17:14:00
9625,15:35:00,15:41:00,15:41:30,15:45:30,15:46:00,15:51:00,15:51:30,16:00:30,16:01:00,16:25:00
9626,16:43:00,17:07:00,17:08:00,17:17:00,17:17:30,17:22:30,17:23:00,17:27:00,17:28:00,17:34:00
9627,15:50:00,15:56:00,15:56:30,16:00:30,16:01:00,16:06:00,16:06:30,16:15:30,16:16:00,16:40:00
9628,16:53:00,17:17:00,17:18:00,17:27:00,17:27:30,17:32:30,17:33:00,17:37:00,17:38:00,17:44:00
9629,16:06:00,16:12:00,16:12:30,16:16:30,16:17:00,16:22:00,16:22:30,16:31:30,16:32:00,16:56:00
9630,17:09:00,17:33:00,17:34:00,17:43:00,17:43:30,17:48:30,17:49:00,17:53:00,17:54:00,18:00:00
9631,16:16:00,16:22:00,16:22:30,16:26:30,16:27:00,16:32:00,16:32:30,16:41:30,16:42:00,17:06:00
9632,17:23:00,17:47:00,17:48:00,17:57:00,17:57:30,18:02:30,18:03:00,18:07:00,18:08:00,18:14:00
9633,16:35:00,16:41:00,16:41:30,16:45:30,16:46:00,16:51:00,16:51:30,17:00:30,17:01:00,17:25:00
9634,17:43:00,18:07:00,18:08:00,18:17:00,18:17:30,18:22:30,18:23:00,18:27:00,18:28:00,18:34:00
9635,16:50:00,16:56:00,16:56:30,17:00:30,17:01:00,17:06:00,17:06:30,17:15:30,17:16:00,17:40:00
9636,17:53:00,18:17:00,18:18:00,18:27:00,18:27:30,18:32:30,18:33:00,18:37:00,18:38:00,18:44:00
9637,17:06:00,17:12:00,17:12:30,17:16:30,17:17:00,17:22:00,17:22:30,17:31:30,17:32:00,17:56:00
9638,18:09:00,18:33:00,18:34:00,18:43:00,18:43:30,18:48:30,18:49:00,18:53:00,18:54:00,19:00:00
9639,17:16:00,17:22:00,17:22:30,17:26:30,17:27:00,17:32:00,17:32:30,17:41:30,17:42:00,18:06:00
9640,18:23:00,18:47:00,18:48:00,18:57:00,18:57:30,19:02:30,19:03:00,19:07:00,19:08:00,19:14:00
9641,17:35:00,17:41:00,17:41:30,17:45:30,17:46:00,17:51:00,17:51:30,18:00:30,18:01:00,18:25:00
9642,18:43:00,19:07:00,19:08:00,19:17:00,19:17:30,19:22:30,19:23:00,19:27:00,19:28:00,19:34:00
9643,17:50:00,17:56:00,17:56:30,18:00:30,18:01:00,18:06:00,18:06:30,18:15:30,18:16:00,18:40:00
9644,18:53:00,19:17:00,19:18:00,19:27:00,19:27:30,19:32:30,19:33:00,19:37:00,19:38:00,19:44:00
9645,18:06:00,18:12:00,18:12:30,18:16:30,18:17:00,18:22:00,18:22:30,18:31:30,18:32:00,18:56:00
9646,19:09:00,19:33:00,19:34:00,19:43:00,19:43:30,19:48:30,19:49:00,19:53:00,19:54:00,20:00:00
9647,18:16:00,18:22:00,18:22:30,18:26:30,18:27:00,18:32:00,18:32:30,18:41:30,18:42:00,19:06:00
9648,19:23:00,19:47:00,19:48:00,19:57:00,19:57:30,20:02:30,20:03:00,20:07:00,20:08:00,20:14:00
9649,18:35:00,18:41:00,18:41:30,18:45:30,18:46:00,18:51:00,18:51:30,19:00:30,19:01:00,19:25:00
9650,19:43:00,20:07:00,20:08:00,20:17:00,20:17:30,20:22:30,20:23:00,20:27:00,20:28:00,20:34:00
9651,18:50:00,18:56:00,18:56:30,19:00:30,19:01:00,19:06:00,19:06:30,19:15:30,19:16:00,19:40:00
9652,19:53:00,20:17:00,20:18:00,20:27:00,20:27:30,20:32:30,20:33:00,20:37:00,20:38:00,20:44:00
9653,19:06:00,19:12:00,19:12:30,19:16:30,19:17:00,19:22:00,19:22:30,19:31:30,19:32:00,19:56:00
9654,20:09:00,20:33:00,20:34:00,20:43:00,20:43:30,20:48:30,20:49:00,20:53:00,20:54:00,21:00:00
9655,19:16:00,19:22:00,19:22:30,19:26:30,19:27:00,19:32:00,19:32:30,19:41:30,19:42:00,20:06:00
9656,20:23:00,20:47:00,20:48:00,20:57:00,20:57:30,21:02:30,21:03:00,21:07:00,21:08:00,21:14:00
9657,19:35:00,19:41:00,19:41:30,19:45:30,19:46:00,19:51:00,19:51:30,20:00:30,20:01:00,20:25:00
9658,20:43:00,21:07:00,21:08:00,21:17:00,21:17:30,21:22:30,21:23:00,21:27:00,21:28:00,21:34:00
9659,19:50:00,19:56:00,19:56:30,20:00:30,20:01:00,20:06:00,20:06:30,20:15:30,20:16:00,20:40:00
9660,20:53:00,21:17:00,21:18:00,21:27:00,21:27:30,21:32:30,21:33:00,21:37:00,21:38:00,21:44:00
9661,20:06:00,20:12:00,20:12:30,20:16:30,20:17:00,20:22:00,20:22:30,20:31:30,20:32:00,20:56:00
9662,21:09:00,21:33:00,21:34:00,21:43:00,21:43:30,21:48:30,21:49:00,21:53:00,21:54:00,22:00:00
9663,20:16:00,20:22:00,20:22:30,20:26:30,20:27:00,20:32:00,20:32:30,20:41:30,20:42:00,21:06:00
9664,21:23:00,21:47:00,21:48:00,21:57:00,21:57:30,22:02:30,22:03:00,22:07:00,22:08:00,22:14:00
9665,20:35:00,20:41:00,20:41:30,20:45:30,20:46:00,20:51:00,20:51:30,21:00:30,21:01:00,21:25:00
9666,21:43:00,22:07:00,22:08:00,22:17:00,22:17:30,22:22:30,22:23:00,22:27:00,22:28:00,22:34:00
9667,20:50:00,20:56:00,20:56:30,21:00:30,21:01:00,21:06:00,21:06:30,21:15:30,21:16:00,21:40:00
9668,21:53:00,22:17:00,22:18:00,22:27:00,22:27:30,22:32:30,22:33:00,22:37:00,22:38:00,22:44:00
9901,00:22:00,00:37:00,00:38:00,00:46:00,00:47:00,01:29:00
9902,01:49:00,02:30:00,02:31:00,02:39:00,02:40:00,02:54:00
9903,00:52:00,01:07:00,01:08:00,01:16:00,01:17:00,01:59:00
9904,02:19:00,03:00:00,03:01:00,03:09:00,03:10:00,03:24:00
9905,01:22:00,01:37:00,01:38:00,01:46:00,01:47:00,02:29:00
9906,02:49:00,03:30:00,03:31:00,03:39:00,03:40:00,03:54:00
9907,01:52:00,02:07:00,02:08:00,02:16:00,02:17:00,02:59:00
9908,03:19:00,04:00:00,04:01:00,04:09:00,04:10:00,04:24:00
9909,02:22:00,02:37:00,02:38:00,02:46:00,02:47:00,03:29:00
9910,03:49:00,04:30:00,04:31:00,04:39:00,04:40:00,04:54:00
9911,02:52:00,03:07:00,03:08:00,03:16:00,03:17:00,03:59:00
9912,04:19:00,05:00:00,05:01:00,05:09:00,05:10:00,05:24:00
9913,03:22:00,03:37:00,03:38:00,03:46:00,03:47:00,04:29:00
9914,04:49:00,05:30:00,05:31:00,05:39:00,05:40:00,05:54:00
9915,03:52:00,04:07:00,04:08:00,04:16:00,04:17:00,04:59:00
9916,05:19:00,06:00:00,06:01:00,06:09:00,06:10:00,06:24:00
9917,04:22:00,04:37:00,04:38:00,04:46:00,04:47:00,05:29:00
9918,05:49:00,06:30:00,06:31:00,06:39:00,06:40:00,06:54:00
9919,04:52:00,05:07:00,05:08:00,05:16:00,05:17:00,05:59:00
9920,06:19:00,07:00:00,07:01:00,07:09:00,07:10:00,07:24:00
9921,05:22:00,05:37:00,05:38:00,05:46:00,05:47:00,06:29:00
9922,06:49:00,07:30:00,07:31:00,07:39:00,07:40:00,07:54:00
9923,05:52:00,06:07:00,06:08:00,06:16:00,06:17:00,06:59:00
9924,07:19:00,08:00:00,08:01:00,08:09:00,08:10:00,08:24:00
9925,06:22:00,06:37:00,06:38:00,06:46:00,06:47:00,07:29:00
9926,07:49:00,08:30:00,08:31:00,08:39:00,08:40:00,08:54:00
9927,06:52:00,07:07:00,07:08:00,07:16:00,07:17:00,07:59:00
9928,08:19:00,09:00:00,09:01:00,09:09:00,09:10:00,09:24:00
9929,07:22:00,07:37:00,07:38:00,07:46:00,07:47:00,08:29:00
9930,08:49:00,09:30:00,09:31:00,09:39:00,09:40:00,09:54:00
9931,07:52:00,08:07:00,08:08:00,08:16:00,08:17:00,08:59:00
9932,09:19:00,10:00:00,10:01:00,10:09:00,10:10:00,10:24:00
9933,08:22:00,08:37:00,08:38:00,08:46:00,08:47:00,09:29:00
9934,09:49:00,10:30:00,10:31:00,10:39:00,10:40:00,10:54:00
9935,08:52:00,09:07:00,09:08:00,09:16:00,09:17:00,09:59:00
9936,10:19:00,11:00:00,11:01:00,11:09:00,11:10:00,11:24:00
9937,09:22:00,09:37:00,09:38:00,09:46:00,09:47:00,10:29:00
9938,10:49:00,11:30:00,11:31:00,11:39:00,11:40:00,11:54:00
9939,09:52:00,10:07:00,10:08:00,10:16:00,10:17:00,10:59:00
9940,11:19:00,12:00:00,12:01:00,12:09:00,12:10:00,12:24:00
9941,10:22:00,10:37:00,10:38:00,10:46:00,10:47:00,11:29:00
9942,11:49:00,12:30:00,12:31:00,12:39:00,12:40:00,12:54:00
9943,10:52:00,11:07:00,11:08:00,11:16:00,11:17:00,11:59:00
9944,12:19:00,13:00:00,13:01:00,13:09:00,13:10:00,13:24:00
9945,11:22:00,11:37:00,11:38:00,11:46:00,11:47:00,12:29:00
9946,12:49:00,13:30:00,13:31:00,13:39:00,13:40:00,13:54:00
9947,11:52:00,12:07:00,12:08:00,12:16:00,12:17:00,12:59:00
9948,13:19:00,14:00:00,14:01:00,14:09:00,14:10:00,14:24:00
9949,12:22:00,12:37:00,12:38:00,12:46:00,12:47:00,13:29:00
9950,13:49:00,14:30:00,14:31:00,14:39:00,14:40:00,14:54:00
9951,12:52:00,13:07:00,13:08:00,13:16:00,13:17:00,13:59:00
9952,14:19:00,15:00:00,15:01:00,15:09:00,15:10:00,15:24:00
9953,13:22:00,13:37:00,13:38:00,13:46:00,13:47:00,14:29:00
9954,14:49:00,15:30:00,15:31:00,15:39:00,15:40:00,15:54:00
9955,13:52:00,14:07:00,14:08:00,14:16:00,14:17:00,14:59:00
9956,15:19:00,16:00:00,16:01:00,16:09:00,16:10:00,16:24:00
9957,14:22:00,14:37:00,14:38:00,14:46:00,14:47:00,15:29:00
9958,15:49:00,16:30:00,16:31:00,16:39:00,16:40:00,16:54:00
9959,14:52:00,15:07:00,15:08:00,15:16:00,15:17:00,15:59:00
9960,16:19:00,17:00:00,17:01:00,17:09:00,17:10:00,17:24:00
9961,15:22:00,15:37:00,15:38:00,15:46:00,15:47:00,16:29:00
9962,16:49:00,17:30:00,17:31:00,17:39:00,17:40:00,17:54:00
9963,15:52:00,16:07:00,16:08:00,16:16:00,16:17:00,16:59:00
9964,17:19:00,18:00:00,18:01:00,18:09:00,18:10:00,18:24:00
9965,16:22:00,16:37:00,16:38:00,16:46:00,16:47:00,17:29:00
9966,17:49:00,18:30:00,18:31:00,18:39:00,18:40:00,18:54:00
9967,16:52:00,17:07:00,17:08:00,17:16:00,17:17:00,17:59:00
9968,18:19:00,19:00:00,19:01:00,19:09:00,19:10:00,19:24:00
9969,17:22:00,17:37:00,17:38:00,17:46:00,17:47:00,18:29:00
9970,18:49:00,19:30:00,19:31:00,19:39:00,19:40:00,19:54:00
9971,17:52:00,18:07:00,18:08:00,18:16:00,18:17:00,18:59:00
9972,19:19:00,20:00:00,20:01:00,20:09:00,20:10:00,20:24:00
9973,18:22:00,18:37:00,18:38:00,18:46:00,18:47:00,19:29:00
9974,19:49:00,20:30:00,20:31:00,20:39:00,20:40:00,20:54:00
9975,18:52:00,19:07:00,19:08:00,19:16:00,19:17:00,19:59:00
9976,20:19:00,21:00:00,21:01:00,21:09:00,21:10:00,21:24:00
9977,19:22:00,19:37:00,19:38:00,19:46:00,19:47:00,20:29:00
9978,20:49:00,21:30:00,21:31:00,21:39:00,21:40:00,21:54:00
9979,19:52:00,20:07:00,20:08:00,20:16:00,20:17:00,20:59:00
9980,21:19:00,22:00:00,22:01:00,22:09:00,22:10:00,22:24:00
9981,20:22:00,20:37:00,20:38:00,20:46:00,20:47:00,21:29:00
9982,21:49:00,22:30:00,22:31:00,22:39:00,22:40:00,22:54:00
9983,20:52:00,21:07:00,21:08:00,21:16:00,21:17:00,21:59:00
9984,22:19:00,23:00:00,23:01:00,23:09:00,23:10:00,23:24:00
